Year,Predicted_Latitude,Predicted_Longitude,True_Latitude,True_Longitude,Distance_Error_km
2015,12.80093,131.46947,11.5,130.6,172.79534282906954
2015,12.780157,130.50462,11.4,129.8,171.52614510170437
2015,12.898787,129.1352,11.3,128.70000000000002,183.9657637465806
2015,11.771101,129.62723,11.1,127.6,233.20275889310267
2015,11.573295,128.53731,11.3,126.8,191.76707429954652
2015,11.318007,126.29785,11.9,125.8,84.43012522200279
2015,11.39456,126.52306,12.4,125.0,199.90303405090742
2015,11.285275,124.42951,12.7,124.3,157.93983783153925
2015,10.858284,123.30524,13.4,123.6,284.4368109148257
2015,12.277105,123.27749,14.0,122.7,201.5240367577855
2015,13.774087,122.456764,14.8,122.4,114.24035006655204
2015,14.0529585,122.62167,15.8,122.5,194.70176512595248
2015,13.78112,122.29072,16.5,122.8,307.2271187627708
2015,15.264405,122.11105,16.8,123.0,195.3982011511749
2015,15.595329,121.18339,16.8,123.5,281.3046185661381
2015,17.187895,123.34946,16.7,123.9,79.82794604034818
2015,18.32325,126.79775,12.2,156.8,3285.280244743426
2015,12.345517,159.75398,12.2,156.60000000000002,343.0722803764064
2015,14.060169,157.28967,12.3,156.4,218.1378096741817
2015,14.731532,156.77493,12.4,156.10000000000002,269.32273766848067
2015,13.568653,156.20168,12.7,155.70000000000002,110.81835465572563
2015,12.562421,155.3366,13.0,155.20000000000002,50.86127825527575
2015,12.251288,154.80995,13.6,154.70000000000002,150.44274952979353
2015,12.824975,154.27823,14.2,154.20000000000002,153.12976175935597
2015,13.287273,154.1715,14.7,154.0,158.17417869878685
2015,14.418697,153.65341,15.1,153.70000000000002,75.92294532092626
2015,14.690557,153.00978,15.4,153.3,84.81936433076295
2015,16.29017,152.62373,15.6,152.8,79.02366220749883
2015,17.212946,152.9205,16.1,152.5,131.61179173044812
2015,17.249985,154.29288,16.5,152.1,247.7893415856263
2015,16.98282,153.28517,16.8,152.20000000000002,117.23562634161826
2015,16.433054,151.92647,17.5,152.6,138.5873305807118
2015,16.300404,150.52798,9.0,159.8,1292.0028238583263
2015,10.329238,160.33669,9.5,158.8,191.9197127447177
2015,9.838661,157.75113,10.7,157.4,103.19450511189801
2015,9.956747,156.00226,11.7,155.3,208.46188834420823
2015,10.49052,154.08923,12.5,153.0,253.00703915553362
2015,10.390146,154.21115,13.6,150.8,514.7873731202221
2015,11.629785,154.49532,13.9,149.8,568.291261856434
2015,14.673275,152.49179,14.0,148.3,457.7451842214234
2015,14.9600115,148.90858,13.9,146.6,275.12667507952995
2015,15.240487,146.11655,13.7,144.70000000000002,229.34975523854735
2015,17.115461,144.49048,13.4,142.70000000000002,455.5899541848237
2015,16.312521,145.96555,13.3,140.9,639.2661389210144
2015,15.710143,143.35733,13.7,139.8,443.08338694239404
2015,14.69806,141.34676,14.1,138.70000000000002,292.71249757529466
2015,14.046386,138.74698,14.7,137.70000000000002,134.16477012574774
2015,13.568547,135.81636,15.2,136.20000000000002,186.05576180470263
2015,13.846142,134.25264,15.4,135.3,206.27948348413045
2015,15.538152,134.93152,15.5,134.5,46.42757477991996
2015,16.180037,134.49692,15.8,133.4,124.63491975693678
2015,17.334675,134.31479,15.9,132.8,226.93246820410053
2015,17.36931,131.89365,16.1,131.9,141.14269544116974
2015,17.186668,132.49213,16.1,131.0,199.67373867998876
2015,17.028269,131.82703,16.0,130.4,190.30706466514846
2015,17.466108,129.69223,15.9,129.8,174.521439612737
2015,17.297974,130.76266,15.6,129.0,266.4207294391209
2015,17.556995,128.87445,15.4,128.20000000000002,250.39518053448253
2015,16.654459,128.33232,15.2,127.2,202.02554316094583
2015,16.403086,128.60814,15.0,126.6,265.6066082241936
2015,16.161171,127.50373,14.7,125.9,236.52751959651914
2015,15.465133,126.14969,14.5,125.1,155.65937350496725
2015,15.542838,125.40696,14.5,124.2,173.91840000391605
2015,15.346177,123.784874,14.5,123.4,102.77680843313706
2015,15.333488,124.32376,14.3,122.5,227.2454916156016
2015,14.779658,123.31356,14.0,121.7,194.2126290026822
2015,14.757272,122.11011,7.6,155.3,3702.4642616374426
2015,8.265929,154.57037,7.6,154.5,74.45254235573549
2015,8.211548,153.01022,7.5,153.5,95.7632391671461
2015,8.909195,153.95912,7.4,152.70000000000002,217.6432491889402
2015,8.593734,152.83067,7.5,151.9,159.02864342021434
2015,8.558423,151.61928,7.7,150.9,124.01595880995276
2015,8.079177,150.9551,8.0,149.70000000000002,138.46867745351204
2015,7.8697996,148.84198,8.1,148.20000000000002,75.18440584461348
2015,7.771421,148.52757,8.4,147.20000000000002,162.00452657433868
2015,8.576147,147.38335,8.8,145.8,175.81085854092905
2015,9.083189,145.97038,9.0,144.8,128.85612310861808
2015,9.848094,144.14104,9.4,143.6,77.46444062252984
2015,9.419058,141.72745,9.6,142.4,76.45178919629554
2015,10.261854,142.44235,10.0,141.3,128.38851996472272
2015,10.736813,140.0799,10.3,139.9,52.40212918512661
2015,10.661766,140.45927,10.3,138.70000000000002,196.51936916272982
2015,11.542453,138.9347,10.7,137.6,173.15100261096714
2015,11.285037,137.80939,11.2,136.6,132.23577904789406
2015,12.19951,137.12839,11.7,135.70000000000002,165.01561396455594
2015,12.128817,134.77747,12.0,134.70000000000002,16.617067343844557
2015,11.408154,134.55954,12.3,134.0,116.37066812133446
2015,12.760818,132.80403,12.8,133.4,64.77365621095639
2015,13.700458,132.73138,13.3,132.6,46.739947500784055
2015,14.390804,132.45317,13.8,131.9,88.74005891829503
2015,14.036422,131.37772,14.1,131.0,41.349286987349075
2015,14.511955,131.64383,14.2,130.0,180.4429720157781
2015,15.5574255,131.63487,14.2,129.0,320.87002159948526
2015,15.857908,130.33861,14.4,127.7,326.33426560435873
2015,16.490925,130.00383,14.8,126.5,419.6327092962695
2015,16.04763,128.40631,15.2,125.1,366.38442964219706
2015,15.585256,126.73672,15.6,124.2,271.69283162271194
2015,15.125227,125.8225,15.9,123.4,273.47788002525317
2015,15.687168,123.059395,16.2,122.5,82.63709881083686
2015,16.77797,121.912224,16.900000000000002,121.5,45.922364915026264
2015,17.206427,120.22011,18.4,119.8,139.97344603727151
2015,17.822897,121.07558,19.8,118.3,365.6049257977429
2015,17.975052,120.96216,20.1,117.4,442.7203894409918
2015,18.100245,119.751915,20.0,117.0,358.15075587360616
2015,19.577093,119.01769,9.0,151.3,3663.6582304386934
2015,10.110193,149.93192,8.9,150.9,171.405033183368
2015,10.260119,149.88795,8.9,150.8,181.30835930355835
2015,10.147829,150.1827,8.9,150.70000000000002,149.90095344215763
2015,9.88944,149.22179,9.0,150.6,180.6495680080461
2015,9.341794,149.38808,9.1,150.6,135.7083456704033
2015,8.891256,148.44434,9.6,139.6,973.8328315791783
2015,11.881082,138.43097,9.5,139.3,281.27430984593894
2015,11.721169,138.25568,9.4,139.0,270.6214009800315
2015,11.661177,137.82384,9.4,138.70000000000002,269.0561084388937
2015,10.736972,138.7147,9.4,138.5,150.5115479245562
2015,10.290359,138.26247,9.4,138.20000000000002,99.23974186768059
2015,10.01669,137.6654,9.5,137.6,57.89877337355502
2015,9.967925,137.20833,9.5,136.9,62.040684919734865
2015,10.104279,136.97559,9.8,136.0,112.07682900085416
2015,10.1069765,137.12949,10.2,135.20000000000002,211.44214153249203
2015,9.983834,136.21394,10.6,134.20000000000002,230.74266105891812
2015,10.622714,133.99933,11.3,133.1,123.73444928255356
2015,10.527899,133.72818,11.6,132.0,223.10945251525516
2015,11.904117,131.61238,11.8,131.20000000000002,46.34643663053033
2015,12.624416,131.50533,12.1,130.20000000000002,153.30303844021967
2015,13.140265,129.76863,12.6,129.1,94.14024866720317
2015,14.456835,128.55473,13.4,128.0,131.88640615117646
2015,13.910528,127.75683,13.7,127.1,74.68959452956568
2015,13.989733,128.00415,14.3,126.2,197.56515900913473
2015,14.28338,126.42316,14.9,125.2,148.40932260060998
2015,15.147131,125.07634,15.4,124.6,58.32139610587755
2015,16.869982,124.03064,16.1,123.9,86.74386071338311
2015,16.243982,124.06675,16.900000000000002,123.3,109.53871131775303
2015,17.503355,123.4361,17.8,122.6,94.53382206207405
2015,17.970243,122.10045,18.6,122.3,73.1266219982785
2015,18.535055,123.11971,19.6,122.0,166.94134357843976
2015,19.733078,122.26357,20.6,122.0,100.24629351877634
2015,20.935873,122.29667,21.8,122.3,96.08728968806464
2015,22.028442,121.5594,23.200000000000003,123.6,246.658951737674
2015,23.08608,123.50352,25.5,125.5,336.123300023859
2015,24.552214,123.883385,27.9,128.4,584.3182959489045
2015,26.27459,126.99581,30.5,132.20000000000002,692.5838480094839
2015,27.95399,129.88074,34.300000000000004,138.0,1045.784268747652
2015,29.874908,136.03139,38.400000000000006,142.3,1109.0049556188471
2015,34.239044,140.09,42.6,145.0,1022.90284666317
2015,35.5955,146.56975,44.2,148.1,965.5908589916147
2015,36.566605,150.6402,45.1,150.9,949.1218211660253
2015,39.6012,155.63033,45.6,153.60000000000002,687.3602017820328
2015,43.86805,152.49495,46.2,156.60000000000002,413.7779279449324
2015,48.584213,152.77971,46.8,160.0,575.405182090745
2015,46.324028,160.54645,46.8,162.8,180.23183423459588
2015,46.37,162.50702,47.0,166.20000000000002,290.2521239984399
2015,46.893745,165.39455,47.6,168.8,268.7583161063366
2015,46.628613,167.69133,48.3,171.60000000000002,347.60459446954235
2015,47.826176,172.09729,49.0,174.0,191.71126988058631
2015,45.7472,173.22314,48.8,176.0,398.835853671784
2015,47.430218,177.62544,47.8,178.3,65.17099675532883
2015,48.92199,177.71739,3.7,162.4,5234.2600246813445
2015,4.1138186,158.96753,4.0,162.60000000000002,403.09911302044156
2015,3.5483296,159.88004,4.4,162.60000000000002,316.2296902624715
2015,4.7488747,159.77374,4.800000000000001,162.4,291.06893174800837
2015,4.7537055,161.12932,5.300000000000001,161.9,104.7728697385407
2015,4.7533126,161.60812,5.6000000000000005,161.10000000000002,109.68157413955642
2015,5.018753,161.84767,6.2,160.20000000000002,224.71665180159602
2015,5.24363,161.14865,6.800000000000001,160.0,214.66939210304125
2015,5.79136,160.23106,7.6,160.0,202.72419484223167
2015,6.9074855,158.90662,8.4,159.8,192.96526546740586
2015,6.8780622,157.16151,9.1,159.70000000000002,373.0522151122606
2015,8.433984,155.75279,9.6,159.60000000000002,441.94089893778215
2015,9.393654,158.3229,9.8,159.20000000000002,106.24950398624658
2015,10.826264,159.2533,10.0,158.9,99.67018166454965
2015,11.3657055,158.00136,10.1,158.4,147.32435634837
2015,11.954768,158.70753,10.1,158.0,220.22262905259973
2015,11.996606,158.70018,10.0,157.4,263.49221148092744
2015,11.062032,157.07559,10.0,156.60000000000002,129.03118329732072
2015,11.336322,157.1188,10.1,156.20000000000002,170.22145701210434
2015,11.071188,155.87357,10.3,155.3,106.2127086512163
2015,10.599447,156.06229,10.6,154.20000000000002,203.5432811955022
2015,10.134011,154.35947,10.9,153.20000000000002,152.71783484042874
2015,10.418654,152.57947,11.4,152.20000000000002,116.72166138551219
2015,11.239109,153.76385,11.9,151.1,299.34692657729966
2015,11.722648,151.09949,12.5,149.6,184.5207403337027
2015,12.716103,149.25185,12.8,148.3,103.6481808776456
2015,12.931513,148.72618,13.3,146.8,212.57986422118057
2015,13.98989,147.88269,13.6,145.70000000000002,239.65634264134465
2015,14.454598,146.67714,14.2,144.70000000000002,214.88262449536427
2015,15.141554,143.88235,14.8,143.5,55.940930866055474
2015,14.860152,143.34329,15.2,142.4,108.1199067140609
2015,15.789009,141.2749,15.8,141.5,24.115718348278744
2015,15.823026,141.57433,16.5,140.6,128.43108604447704
2015,17.227163,141.35384,17.2,139.70000000000002,175.68673369022258
2015,17.801733,139.63362,17.8,139.1,56.495637985510236
2015,17.791754,138.90062,18.6,138.6,95.31825415092389
2015,19.088474,138.88501,19.4,138.5,53.231829689924425
2015,20.037022,138.23102,20.1,138.4,18.987645801590823
2015,20.79704,137.4782,20.9,138.5,106.79559951762204
2015,21.420208,138.40936,21.700000000000003,138.6,36.83199312398692
2015,22.763128,138.78084,22.4,138.8,40.42597944243675
2015,24.011936,140.90192,23.1,139.0,218.77560215100473
2015,24.255346,141.07446,23.8,139.4,177.43411935794447
2015,25.38636,142.85085,24.6,139.9,309.9724316064763
2015,25.867153,142.88464,25.5,141.0,193.2187021372827
2015,25.90327,142.71613,26.5,142.3,78.2710976653815
2015,26.751278,142.88739,28.0,143.9,171.1039386655473
2015,27.568298,144.45752,30.1,145.70000000000002,306.41922334606267
2015,29.096968,145.7922,32.7,148.20000000000002,461.79345123863874
2015,30.97854,150.03313,36.0,152.0,587.3557701008297
2015,32.3061,152.69353,39.7,155.70000000000002,865.3495138972321
2015,35.270443,155.4268,17.400000000000002,111.4,4767.4499873690775
2015,16.409332,110.88083,17.900000000000002,111.2,169.18803687043655
2015,17.487745,109.9466,18.4,110.9,143.04356032433677
2015,18.209984,111.40043,18.9,110.4,130.41698442674917
2015,19.598879,113.32554,19.1,110.0,353.272108873858
2015,19.48934,111.25148,19.6,109.3,204.86067639741904
2015,20.052639,110.63289,19.8,108.6,214.36135894785033
2015,20.478613,110.21162,19.9,108.0,239.60745463312512
2015,20.638496,108.83528,20.1,107.4,161.15247019251285
2015,20.146738,108.914986,20.4,107.1,191.3968678279924
2015,21.156225,107.36272,20.8,106.9,62.265237426309
2015,20.99419,106.64359,21.200000000000003,106.6,23.327601067493674
2015,20.979395,106.2177,21.700000000000003,106.1,81.04967650511733
2015,21.446672,105.43158,11.3,154.3,5312.54808898517
2015,11.816838,155.09125,11.1,152.8,262.10902552587896
2015,12.932383,151.36256,10.9,150.6,240.73734151811283
2015,13.726452,152.37065,10.5,149.6,468.42303197889134
2015,13.275439,151.3456,10.3,148.8,431.53502911781584
2015,12.30082,149.0056,10.3,148.20000000000002,239.19306366159685
2015,11.670492,146.63976,10.8,148.5,224.79062894735287
2015,11.502455,142.0954,11.2,148.6,709.9131314334511
2015,11.021049,144.29361,11.8,148.5,466.58716843348475
2015,11.175573,144.74113,12.3,148.3,407.1181911522282
2015,11.57421,144.83862,12.8,147.4,309.96348066213267
2015,14.195891,147.97409,13.3,146.3,206.44116095288882
2015,13.876471,148.49501,13.7,145.6,313.24766704258326
2015,14.736367,147.53404,14.0,145.0,284.97248564974655
2015,14.973375,147.32812,14.1,144.6,309.2804896427813
2015,15.099543,143.64413,15.1,143.9,27.468720819545645
2015,15.551311,141.32457,15.8,143.0,181.4889485771402
2015,16.140099,142.0957,16.3,142.5,46.684833030234884
2015,16.198322,142.17456,16.900000000000002,141.0,147.51654814349274
2015,15.745124,142.85161,17.5,139.8,379.18714785826836
2015,19.328691,141.25925,17.900000000000002,138.5,331.3219061590931
2015,19.203968,139.46477,18.1,137.4,249.77455518411182
2015,19.48994,140.42346,18.3,136.4,443.46121132309514
2015,19.506645,135.20569,18.6,135.5,105.45326445383428
2015,20.367096,134.87952,19.0,134.3,163.67484421678404
2015,20.269428,133.22745,19.4,133.5,100.79183731223222
2015,20.196365,132.84032,20.4,132.8,23.030243078987223
2015,20.376453,132.23967,21.0,131.70000000000002,89.2128581264808
2015,20.819462,131.85487,21.700000000000003,130.5,171.16916008561608
2015,21.298471,129.66641,22.5,129.6,133.77964059915936
2015,22.084745,130.20358,23.3,128.6,212.88749210428688
2015,25.070618,130.5717,24.200000000000003,127.6,315.5673490542616
2015,24.241123,128.02081,25.1,126.6,172.42795834197062
2015,25.079514,126.317856,25.700000000000003,125.5,107.28499002642602
2015,26.540197,126.522385,26.5,124.7,181.37151565568854
2015,27.151243,125.3241,27.3,124.0,131.96148459684716
2015,28.533714,124.641304,27.8,123.3,154.73721814366442
2015,29.586994,123.69662,28.6,122.8,140.12255780764983
2015,29.047573,122.20939,29.4,122.4,43.334270429634124
2015,30.771416,122.74196,30.3,122.8,52.71302850848451
2015,31.6032,122.708046,31.3,123.1,50.18983280974856
2015,31.007814,122.0565,33.1,123.6,274.3648683610355
2015,32.94539,122.870544,35.0,124.3,263.75389375250484
2015,33.83287,123.05342,36.8,124.8,365.9947985803775
2015,35.73991,128.84773,38.2,125.4,410.6053449796047
2015,36.826733,129.3249,15.4,124.8,2424.1501936086993
2015,16.392382,123.54909,16.1,124.2,76.71746221191982
2015,16.71515,123.29117,16.5,123.8,59.26278416076313
2015,16.357492,123.02685,16.8,123.1,49.81843442343615
2015,17.010693,122.53603,17.1,122.6,12.03556767538467
2015,17.146591,121.95136,17.6,122.0,50.680350024931215
2015,19.397139,121.42206,18.0,120.3,195.19514968361602
2015,19.12051,121.81454,18.0,119.8,246.20439478129146
2015,18.876734,120.1443,18.2,119.4,108.71821277303418
2015,19.278585,120.23066,18.7,119.4,108.47601174681286
2015,20.058662,119.46635,19.200000000000003,119.3,97.05547464208914
2015,19.447886,114.3342,19.6,119.2,510.20685340728033
2015,19.224539,117.42782,19.9,119.1,190.62397816564453
2015,19.91914,117.34823,20.200000000000003,118.9,165.06246157508963
2015,20.923391,119.2036,20.5,118.9,56.68797382786066
2015,21.619335,119.19189,20.8,118.8,99.75266400467636
2015,21.686455,118.95183,21.1,118.7,70.2298722251368
2015,21.813541,118.56505,21.4,118.7,48.0536342532198
2015,21.805048,118.02404,21.8,118.7,69.78912717210412
2015,22.110413,119.3534,22.200000000000003,118.4,98.68996246633954
2015,22.403788,118.28855,22.5,117.7,61.42222117341466
2015,22.646772,118.25775,22.700000000000003,116.9,139.43268355763823
2015,23.217964,119.1357,22.9,115.7,353.273876596358
2015,23.798302,119.45472,22.8,114.3,537.9769009244886
2015,23.718555,116.78612,22.5,112.8,429.57504943362324
2015,23.433357,114.32214,11.4,164.8,5491.348319125536
2015,12.843997,165.94676,11.3,163.8,289.7610226176427
2015,13.824857,163.31807,11.1,162.60000000000002,312.8585730678376
2015,13.081879,160.0225,11.4,161.20000000000002,226.597128456073
2015,12.6728525,160.16106,11.7,160.0,109.58356913503948
2015,13.079843,160.15474,11.8,158.8,204.67334901119264
2015,11.944084,159.87563,12.2,157.8,227.48146886449672
2015,11.454935,157.80182,12.7,156.70000000000002,183.08364773584805
2015,13.125432,155.29613,13.1,155.5,22.25891168103614
2015,13.648638,154.80762,13.6,154.5,33.68007166136906
2015,13.381836,153.72813,14.3,153.4,108.06724438377363
2015,14.685285,153.67123,15.0,152.20000000000002,161.96068279856732
2015,15.423964,152.42615,15.4,150.8,174.337252880153
2015,15.47671,150.80565,15.5,149.9,97.08108858666589
2015,16.41143,150.6498,16.0,149.0,182.00266529021533
2015,17.64763,149.40192,16.6,147.8,206.26919102490658
2015,18.358665,147.85156,17.0,146.8,187.709295651544
2015,17.702072,145.63141,17.6,145.9,30.639681789386902
2015,17.22133,146.64342,18.0,144.5,243.10568470692235
2015,18.745653,146.11436,18.2,143.6,272.02838044963727
2015,19.550219,143.81503,18.3,142.70000000000002,181.88122028146898
2015,19.736723,143.35504,18.4,142.0,205.8426428550476
2015,20.97423,142.97421,18.3,141.3,345.193793037922
2015,20.245966,139.618,18.3,140.5,235.35219947680045
2015,20.317667,140.40402,18.4,140.0,217.40631486812214
2015,19.905203,139.52519,18.3,139.4,178.97467949461821
2015,19.978075,139.66132,18.4,138.9,192.82844590822637
2015,19.161573,139.28055,18.4,138.4,125.55578072617644
2015,19.127995,137.76625,18.3,137.8,92.13750372829767
2015,19.743547,137.89133,18.6,137.6,130.78619535045334
2015,18.8651,137.1969,18.8,137.4,22.56729942899489
2015,19.98436,136.92677,19.1,137.20000000000002,102.41968472565841
2015,19.404545,136.71301,19.6,137.1,46.01793552491412
2015,18.960499,135.40727,20.5,137.0,238.9408265064018
2015,20.924345,136.82124,21.4,136.8,52.93634904413397
2015,20.81691,136.90343,22.200000000000003,136.6,156.9633802337134
2015,21.501013,136.60545,22.8,136.5,144.84868831729256
2015,22.899494,137.22556,23.700000000000003,136.5,115.8173745428956
2015,25.26039,137.11237,24.5,136.5,104.71244555418274
2015,26.247179,136.68991,25.5,136.4,88.0000395848848
2015,26.724855,136.91544,26.5,136.3,66.09488155567604
2015,26.5925,137.52116,27.6,135.9,195.7109543235303
2015,28.479675,139.03691,29.0,135.6,340.0338072404192
2015,28.77781,139.1728,29.9,135.20000000000002,404.7783445014179
2015,30.166887,137.53984,31.1,134.8,281.9160846270352
2015,31.436806,137.67468,32.0,134.5,306.7322053025232
2015,32.57828,136.24101,33.0,134.3,187.4008872809479
2015,35.49448,137.11401,34.0,133.70000000000002,353.39774235676083
2015,34.922832,136.44357,35.0,133.6,259.2641020772503
2015,36.996326,136.74878,35.7,133.8,300.84776401323745
2015,37.04144,137.09183,36.6,134.5,235.86272151988354
2015,38.074066,137.35403,37.6,135.0,213.3330464620863
2015,38.500973,135.20815,38.6,135.4,19.990061388174777
2015,40.05109,137.59976,39.7,136.20000000000002,125.66537170013221
2015,39.27851,139.94643,10.7,183.2,5316.816927391499
2015,10.981958,182.69827,11.2,182.4,40.58489515650402
2015,10.356092,181.76505,11.7,181.4,154.65564390210835
2015,11.05499,180.52032,12.5,180.4,161.21095535297127
2015,10.260727,180.0569,13.1,179.5,321.4832163780566
2015,12.19204,178.34866,13.5,178.8,153.4485634175784
2015,13.786363,178.58229,14.1,177.70000000000002,101.40143935119438
2015,14.208813,176.9938,14.6,176.5,68.70558070265001
2015,15.781097,175.88966,15.2,175.5,76.93218666433539
2015,15.723994,175.75609,15.8,174.3,156.05048648583426
2015,15.419414,175.99991,16.5,173.3,312.6483853507262
2015,16.498657,173.51402,16.8,172.0,164.73710594213966
2015,16.766085,171.93237,17.1,171.4,67.71745240898179
2015,17.934338,171.80249,17.5,170.3,166.31149453003727
2015,18.500591,169.9965,17.8,168.8,148.4987271347938
2015,19.666466,169.8054,18.1,167.60000000000002,290.1265111545873
2015,18.522831,167.54372,18.5,166.5,110.08056318090503
2015,19.07493,169.62746,18.8,165.5,435.17597520210364
2015,19.353016,166.8309,18.7,164.10000000000002,296.1091677288994
2015,19.210253,163.42014,18.6,162.5,118.21074933312052
2015,19.935078,163.22447,18.5,161.10000000000002,274.25984738159946
2015,20.677084,162.72244,18.5,160.0,374.0697857918351
2015,20.718178,162.25317,18.3,158.8,450.8488053113988
2015,19.05548,159.37831,18.1,157.8,197.38548226170036
2015,18.857338,156.5598,17.900000000000002,156.9,112.34136469783904
2015,18.79082,155.48738,18.0,155.70000000000002,90.75174033194793
2015,19.02926,155.44919,18.0,154.5,152.03486168770482
2015,18.467455,154.15323,18.2,153.20000000000002,104.91712690197545
2015,18.560705,153.70424,18.6,152.20000000000002,158.605522236872
2015,18.354069,153.0964,19.200000000000003,151.4,201.84701443230747
2015,19.35752,150.66615,19.9,150.4,66.4504412871728
2015,18.90394,149.50386,20.4,149.4,166.7096215759628
2015,19.87887,147.80502,21.0,148.3,134.91066216512166
2015,21.098242,147.93834,21.3,147.3,69.87616533222301
2015,22.533026,148.23668,21.6,146.3,224.92611588246396
2015,23.278399,146.62129,21.8,145.3,213.1591617754154
2015,23.245106,145.66507,22.200000000000003,144.0,206.56314541958508
2015,24.021645,144.15567,22.6,142.8,210.12592766169277
2015,23.538378,143.42972,23.0,141.70000000000002,186.55537469237615
2015,23.838993,142.3333,23.1,140.5,204.24515062318727
2015,23.72653,141.24171,23.3,139.6,173.9808172986125
2015,24.472246,138.93413,23.6,138.5,106.53905193382884
2015,25.102911,137.89343,23.9,137.70000000000002,135.18203570395121
2015,25.652807,137.24739,24.200000000000003,136.9,165.29906534507373
2015,24.782413,135.81284,24.4,135.9,43.42619237343923
2015,25.361906,136.03157,24.6,135.1,126.46584252278639
2015,25.668337,134.26581,24.6,134.20000000000002,118.97837197642858
2015,26.272324,134.64641,24.700000000000003,133.3,220.9735120060608
2015,26.576214,133.95494,24.8,132.70000000000002,234.13662882662274
2015,26.22893,132.07692,24.9,131.8,150.35835139250537
2015,26.564661,131.88641,25.0,131.0,195.31047535535112
2015,25.357107,130.9641,25.5,130.6,39.86661507850562
2015,25.900183,129.61026,26.200000000000003,130.0,51.25748254474331
2015,26.212362,129.98651,27.4,129.6,137.51752332282493
2015,26.04368,128.12141,28.200000000000003,129.0,255.04840545124486
2015,26.36711,127.80655,29.700000000000003,129.0,388.6626784794901
2015,28.698814,129.38663,31.0,129.20000000000002,256.51261337892925
2015,30.108904,128.40648,32.300000000000004,129.20000000000002,255.0573800896886
2015,33.470634,130.14719,33.6,130.1,15.034973535729684
2015,32.850372,128.97852,18.2,125.7,1661.6328006141275
2015,18.62894,124.45237,18.9,126.1,176.06882199562835
2015,17.811491,125.41245,20.200000000000003,126.3,281.50218089256623
2015,18.751488,125.61434,21.8,127.2,377.163583569852
2015,19.783743,126.88406,13.6,153.3,2892.62528514206
2015,13.5004425,155.28514,13.9,152.1,346.94833054512975
2015,13.401052,151.39084,14.3,150.8,118.57709979591024
2015,14.896269,150.90927,14.5,149.5,157.85016869029047
2015,14.278218,149.99115,14.6,148.20000000000002,196.1659937564011
2015,15.287324,146.66325,14.9,146.70000000000002,43.24882192681328
2015,16.060312,146.6625,15.2,145.9,125.77015742124173
2015,16.816198,145.31343,15.6,144.9,142.2575377107255
2015,16.397907,144.01309,16.2,144.0,22.050628118461695
2015,16.335464,142.75243,16.900000000000002,143.0,68.09095260696473
2015,17.01376,140.55077,17.400000000000002,141.8,139.46837245533033
2015,17.621431,142.20792,17.8,140.70000000000002,160.9548867604561
2015,18.163269,140.92726,18.3,139.6,140.99785332658638
2015,19.490065,140.52219,18.6,138.3,253.66965265904938
2015,20.458237,139.26009,18.9,137.20000000000002,276.6594550888707
2015,20.197046,137.14833,19.3,136.20000000000002,140.70992799696563
2015,20.426405,136.34789,19.6,134.9,176.9966113984085
2015,21.102003,135.33313,19.9,133.8,208.2311139667153
2015,20.575752,133.36752,20.0,132.6,102.50177771232522
2015,21.085268,132.99452,20.1,131.5,190.26884211179112
2015,21.844307,132.47282,20.5,130.20000000000002,279.06803699373603
2015,21.554062,130.11395,20.9,129.20000000000002,119.42950837056179
2015,22.194803,129.48013,21.200000000000003,128.20000000000002,172.41794076958973
2015,21.53703,127.830414,21.5,126.9,96.33425330914467
2015,21.652655,126.93227,21.8,125.8,118.1003497375984
2015,22.81258,125.091225,22.4,124.8,54.75743117353837
2015,23.577454,125.0683,22.9,123.9,141.14972758936582
2015,23.542362,124.20726,23.700000000000003,122.6,164.67994219722942
2015,23.479744,121.85284,23.8,120.5,142.3314450169825
2015,23.858047,121.259995,24.0,119.8,149.2269235966785
2015,25.413074,120.92305,24.9,119.6,144.86820434059467
2015,25.845514,120.593506,25.6,118.4,221.42360527480093
2015,27.1716,118.363304,25.9,117.5,165.4327958310833
2015,24.3746,113.5536,26.4,116.7,388.0786628576929
2015,26.051031,116.66108,27.3,116.2,146.2398531196243
2015,29.378675,119.98309,28.4,115.7,430.9255304982226
2015,28.456438,116.44514,29.6,116.1,131.51139478444557
2015,27.943296,116.14426,30.9,116.9,336.81706735704233
2015,28.655346,115.18178,31.700000000000003,118.4,458.5443929933493
2015,30.786697,116.28457,32.5,119.9,391.6634079819748
2015,32.641502,116.69474,32.9,120.9,394.2044503599273
2015,34.772728,123.16357,32.9,122.1,230.24072864404422
2015,36.022396,126.11739,32.9,123.3,432.68986306230335
2015,34.72792,129.50339,33.1,124.9,461.68888659502784
2015,35.276722,130.57336,33.6,126.7,401.12342489083164
2015,34.212868,128.54022,34.300000000000004,128.6,11.137938748943084
2015,32.61832,128.50438,27.200000000000003,141.1,1353.9620462125272
2015,29.829803,139.43425,27.8,140.9,267.0785399150179
2015,28.907587,141.27249,28.6,140.70000000000002,65.45529676939202
2015,28.713419,138.77673,29.200000000000003,140.5,176.17517258874537
2015,30.161911,139.31306,29.9,140.4,108.61353112311211
2015,29.55085,139.91925,30.5,140.70000000000002,129.57000756923526
2015,31.559172,141.7442,30.8,141.20000000000002,99.0266721111512
2015,33.37844,142.34425,31.200000000000003,141.8,247.57410479498174
2015,33.15607,142.09064,31.5,142.70000000000002,192.84135183301305
2015,34.083282,142.5379,32.0,143.6,251.91384562921795
2015,33.86145,145.33351,32.300000000000004,144.8,180.59993096264802
2015,32.582443,145.50446,32.9,146.0,58.26604196182983
2015,33.415283,146.22781,33.4,146.9,62.41725179133351
2015,33.501625,148.5807,33.7,148.20000000000002,41.59058724654968
2015,34.81265,149.68321,33.9,149.9,103.41475244454203
2015,34.714737,152.2208,34.1,151.5,95.10541882523782
2015,36.513718,153.50299,34.9,153.4,179.6782305051068
2015,36.23257,153.04578,35.9,155.3,205.95833680996458
2015,35.94055,155.76785,36.5,157.3,150.86379952623497
2015,35.962185,159.02551,37.1,159.4,130.8688188493224
2015,35.891228,159.94453,37.7,161.8,260.271139666321
2015,39.053215,162.82745,38.6,165.3,220.02809786239882
2015,40.632313,164.96428,14.7,144.70000000000002,3487.54122060894
2015,16.041288,141.55325,15.1,144.20000000000002,302.20280227287304
2015,17.13183,142.3695,15.5,143.5,217.89459533504615
2015,16.506424,143.23372,16.0,142.70000000000002,80.1071445088778
2015,16.252258,142.4251,16.5,141.70000000000002,82.11463158640058
2015,16.838919,142.48422,17.0,140.5,211.8431003009644
2015,17.466503,142.12805,17.400000000000002,139.20000000000002,310.71469389229287
2015,17.934801,140.53221,17.8,137.70000000000002,300.11031485439844
2015,18.80947,139.18796,18.2,136.1,332.5846740029764
2015,19.283602,137.28496,18.6,134.70000000000002,282.2917156308035
2015,19.677853,135.3297,18.8,132.9,273.1159661527582
2015,19.767906,133.65173,18.8,131.1,288.6306580022669
2015,20.020222,131.52077,18.8,129.8,225.77805890687048
2015,20.434462,129.62741,18.9,128.5,207.47814928280943
2015,21.06835,128.95096,18.9,127.3,296.46838783947277
2015,20.445633,125.97441,18.9,126.2,173.4821581764835
2015,19.77094,124.31751,18.9,125.3,141.43972194779252
2015,19.744455,124.419876,18.9,124.6,95.78258406724098
2015,19.920519,122.957634,19.0,124.0,149.7321727085984
2015,19.574043,122.16788,19.1,123.3,129.95447762113648
2015,19.641607,121.84146,19.200000000000003,122.9,121.38256598684727
2015,19.297102,121.52029,19.3,122.5,102.81831068555798
2015,19.330593,121.353714,19.4,122.4,110.03048783187005
2015,19.85783,121.27698,19.700000000000003,122.5,129.16862187542665
2015,20.113968,120.39101,20.1,122.6,230.66223796007634
2015,20.612324,121.079346,20.700000000000003,122.8,179.29299982861724
2015,20.567122,120.69895,21.3,123.1,262.3362628188851
2015,20.9997,122.02861,22.3,123.3,195.37134564504646
2015,21.921726,123.32105,23.1,123.4,131.2689826937727
2015,22.446157,123.47918,23.8,123.5,150.5556900465182
2015,23.78176,124.30776,24.5,124.0,85.7531544684691
2015,24.703619,125.809975,25.200000000000003,124.6,133.89054756729223
2015,27.21074,126.2721,26.200000000000003,125.8,121.78031143900901
2015,27.18588,125.934616,27.8,127.4,159.85893501211515
2015,27.311949,125.616005,29.6,128.8,401.98108197433754
2015,28.40393,128.24959,31.6,129.9,389.2872719854466
2015,29.11648,129.93979,33.800000000000004,130.4,522.6084861054883
2015,31.996653,134.6105,35.0,130.9,479.4049993736627
2015,36.36324,138.98868,36.4,131.4,679.1864265873755
2015,38.316444,139.69186,37.9,132.3,648.2208084673725
2015,40.178055,139.11263,39.0,133.5,498.3702569148906
2015,41.992683,137.27744,40.3,133.9,339.669025222251
2015,39.7694,138.13078,41.5,133.6,427.9411740835943
2015,41.4389,138.50894,42.7,133.1,467.87744428519005
2015,42.86965,141.26103,44.3,131.70000000000002,785.8534147021849
2015,41.956844,142.98949,44.8,129.8,1110.4178878837795
2015,44.015663,140.06715,14.7,160.9,3809.9250517120317
2015,15.507629,161.67468,14.6,160.5,161.54128162859828
2015,15.912386,160.96086,14.5,159.9,193.963456029631
2015,16.441595,160.61804,14.4,159.5,256.7039351802681
2015,15.819654,159.32008,14.5,159.10000000000002,148.62793163583487
2015,14.509897,158.69073,14.8,158.5,38.23085721523454
2015,15.206279,158.18718,15.1,157.9,33.01051135214539
2015,15.090181,156.92477,15.7,157.10000000000002,70.36273752258722
2015,15.071935,157.17915,16.0,156.10000000000002,154.96859279438686
2015,15.814383,157.00577,16.3,155.4,179.88242664123922
2015,16.899437,155.69933,17.0,154.8,96.30792250740922
2015,17.447224,155.15681,17.900000000000002,153.8,152.31107230258928
2015,18.958023,153.68329,18.7,152.8,97.28792718137464
2015,18.160057,151.93658,19.1,151.9,104.58809515244623
2015,18.557337,152.59485,19.6,151.20000000000002,186.88727913356212
2015,20.645184,152.93239,20.4,150.4,265.1203862277115
2015,22.037884,150.61235,21.200000000000003,149.4,156.16043179267635
2015,22.775375,149.54755,22.0,148.5,137.96031634324336
2015,21.888672,149.08627,22.5,147.8,148.8563007153627
2015,22.613737,149.42476,23.3,147.0,259.72486295448374
2015,24.296995,148.46562,24.1,146.4,210.64457369931753
2015,25.143791,146.612,25.0,146.0,63.67919653299004
2015,26.307568,146.2576,25.6,145.4,116.36999975721073
2015,25.866358,146.49907,26.4,145.1,151.747313587712
2015,27.303795,145.46924,27.0,144.8,74.33414782030745
2015,28.5668,145.96078,27.6,144.9,149.62039667397653
2015,30.105461,146.88972,28.3,145.0,271.920800996004
2015,29.334282,145.37271,29.0,145.20000000000002,40.778201670995
2015,30.992783,146.4781,29.6,145.4,186.27279231253485
2015,30.761269,145.83206,30.0,146.0,86.16857324548788
2015,31.121078,148.32033,30.6,146.6,174.12850276952258
2015,32.17493,148.05891,31.4,147.3,112.11609288445753
2015,32.703903,148.4805,32.1,148.1,76.0613660135652
2015,33.050404,148.64478,32.6,149.20000000000002,72.10971640154754
2015,32.6172,151.16312,32.9,150.8,46.27961323977935
2015,34.164825,151.88074,33.9,152.9,98.4321792409461
2015,36.030434,153.43138,35.300000000000004,155.8,228.86662207393002
2015,36.314507,154.68855,37.7,157.60000000000002,300.92422926367186
2015,36.010155,157.0031,39.0,159.0,376.21109362123343
2015,35.48576,160.56404,39.400000000000006,160.8,435.74196853228136
2015,39.249664,164.26976,39.6,162.5,156.9201489385359
2015,41.874744,170.28389,40.2,163.60000000000002,590.5231832393664
2015,46.411373,166.8309,40.7,163.9,677.4416902449731
2015,43.525337,167.81046,40.6,164.0,452.40318676013294
2015,40.786057,170.53204,40.400000000000006,164.10000000000002,544.6664655823695
2015,40.62921,171.14293,40.400000000000006,164.20000000000002,587.3208240424859
2015,41.70616,168.81439,40.3,164.4,402.0209062767266
2015,41.820164,165.763,40.2,164.60000000000002,204.88041740992026
2015,40.13831,164.62837,40.400000000000006,164.8,32.53876684822281
2015,40.47751,164.76993,41.0,165.3,73.27928244182473
2015,40.721947,164.6533,41.900000000000006,165.9,167.3333097905661
2015,39.775932,165.735,43.5,166.5,418.94381491007033
2015,40.211914,166.8464,45.0,167.70000000000002,536.9660228143357
2015,42.07536,167.21124,14.6,193.5,3960.540297165212
2015,17.956848,191.7051,15.4,192.6,299.8601447805594
2015,16.905678,190.50426,16.400000000000002,192.5,219.91738976556732
2015,13.993778,190.04906,17.2,192.8,462.471582834511
2015,15.167803,188.19307,18.0,192.7,574.2818242357484
2015,16.224916,189.88078,18.3,192.8,386.41087400201627
2015,18.92011,188.58836,18.5,192.8,446.00630371961006
2015,20.673037,191.28134,18.6,192.7,274.23758268757155
2015,20.539179,192.25523,18.7,192.5,206.10807352247258
2015,20.957949,190.81386,18.6,192.4,310.2965931165727
2015,19.638248,191.65434,18.4,192.3,153.5072390021376
2015,18.718029,191.32617,18.1,192.2,114.98748851775622
2015,18.534098,191.5603,18.0,192.1,82.30791679661219
2015,19.267763,191.65382,17.900000000000002,191.9,154.28573760378939
2015,18.535746,192.28125,17.7,191.6,117.55594828319465
2015,18.068474,191.99278,17.5,191.2,105.07946522416633
2015,17.58498,191.60208,17.3,190.5,121.12925038847843
2015,17.828205,191.34113,17.3,189.6,193.69671361950483
2015,17.652327,190.63533,17.5,188.7,205.84999514695292
2015,17.29497,189.55008,17.6,187.9,178.29426970118055
2015,17.026354,188.37158,17.7,187.1,154.34468111650958
2015,16.804407,186.28014,17.900000000000002,186.1,123.31556211648193
2015,17.557146,184.24913,18.0,185.1,102.67319945534655
2015,18.772554,184.16658,18.1,184.3,76.09755468083478
2015,18.762497,184.42346,18.3,183.5,110.10772723847629
2015,18.875734,184.32352,18.6,182.8,163.33153297106549
2015,19.1538,182.53325,19.200000000000003,182.2,35.37440068826532
2015,19.11996,181.89793,19.700000000000003,181.7,67.75569317006773
2015,19.249859,182.05524,20.3,181.5,130.42502842071872
2015,19.61848,181.34877,21.1,180.9,171.25139187752325
2015,20.31066,181.1128,21.700000000000003,180.4,171.29193000468064
2015,22.161455,181.02681,22.200000000000003,180.2,85.24131596133705
2015,22.306004,181.15398,22.9,180.4,101.74979795330256
2015,23.333511,182.21715,23.4,180.3,195.8318013391909
2015,24.568333,179.91466,23.8,180.0,85.87226445452093
2015,24.524233,179.58357,24.1,179.8,52.02153322591186
2015,24.689318,180.19484,24.4,179.4,86.59331870094294
2015,26.351128,181.9654,24.6,179.0,355.6832955277905
2015,25.641,180.95422,24.700000000000003,178.60000000000002,258.9914414921694
2015,25.791828,179.35138,24.700000000000003,178.20000000000002,167.77396012123913
2015,25.864538,179.5702,24.6,178.0,211.4578230299421
2015,25.60945,178.17595,24.4,177.8,139.71898428770032
2015,25.922342,177.78314,24.1,177.5,204.63403094572843
2015,25.730232,177.5738,23.9,177.10000000000002,209.05487503869801
2015,24.85999,176.9552,23.700000000000003,176.60000000000002,133.91524477687008
2015,24.429264,177.6067,23.5,175.9,201.86451790012595
2015,24.07318,177.1525,23.5,175.0,228.09720581088564
2015,23.661903,176.19742,23.6,174.0,223.9567024137999
2015,23.741898,174.85051,23.6,172.8,209.41691469028342
2015,23.680359,173.93661,23.5,171.9,208.50135123015104
2015,23.507513,172.17276,23.700000000000003,170.8,141.50091068907236
2015,24.042484,170.31912,23.8,169.5,87.51564194779128
2015,24.966175,169.57358,24.0,168.60000000000002,145.7683560365696
2015,24.404293,167.75061,24.3,167.70000000000002,12.679623655073843
2015,24.113634,168.52835,24.5,166.5,209.98862735219564
2015,25.426434,166.70108,24.700000000000003,165.60000000000002,137.20284621696914
2015,25.459917,165.04333,25.0,164.10000000000002,107.79109749253422
2015,26.252739,165.96236,25.200000000000003,163.10000000000002,309.6942822118344
2015,26.821285,165.5554,25.6,161.70000000000002,407.8662668265868
2015,26.496822,163.29506,26.200000000000003,160.3,300.24964496188977
2015,26.911003,163.37222,26.8,158.70000000000002,463.63437238659816
2015,27.020721,159.62047,27.200000000000003,157.4,220.67701406624133
2015,27.490591,160.38184,28.1,156.0,436.288627291758
2015,28.354036,157.94519,29.0,154.70000000000002,324.620389050969
2015,29.991156,157.04062,29.700000000000003,153.5,343.0001356253782
2015,30.795294,155.29492,30.700000000000003,152.5,267.2973245642575
2015,30.841896,155.03912,31.6,151.3,365.3922842508397
2015,33.451588,154.53821,32.7,150.1,421.8572916691933
2015,34.82912,154.45267,33.800000000000004,149.6,460.0809496191138
2015,34.97069,154.00082,35.0,149.0,455.5490949074907
2015,37.12616,154.57358,36.8,148.6,531.8861397472376
2015,37.463734,152.90463,38.6,147.4,498.31321341562455
2015,39.17091,152.35854,40.6,147.3,459.8468844948177
2015,41.099762,155.14641,43.400000000000006,148.0,641.1317815695854
2015,42.177288,154.73499,46.2,148.5,668.3655294027104
2015,45.861156,157.20044,48.8,149.8,645.9937353619972
2015,46.38845,153.1731,52.6,151.70000000000002,698.7991248333495
2015,49.09341,157.76012,55.6,154.0,766.9752809439036
2015,51.525066,163.49281,27.5,138.20000000000002,3406.0637945316853
2015,26.646711,139.25104,29.200000000000003,138.20000000000002,302.10382778850135
2015,27.924171,141.25383,31.1,138.3,454.27068172577634
2015,30.73552,141.84602,33.1,137.8,463.56706497984663
2015,31.568455,141.19388,34.4,137.20000000000002,487.6714247517956
2015,33.671284,143.93912,36.9,136.3,780.4538750027715
2015,36.38156,145.09946,38.0,135.20000000000002,894.7109507152024
2015,38.85624,147.14499,38.8,134.5,1094.5053562092555
2015,39.732265,143.11855,39.400000000000006,134.6,730.860744040456
2015,40.104816,142.51239,39.900000000000006,135.0,640.1002965603434
2015,45.50536,143.49901,39.8,135.6,904.5713254759773
2015,43.46296,140.12419,39.8,136.1,526.8838953607532
2015,43.978935,139.47371,39.900000000000006,136.70000000000002,508.20038687698616
2015,43.270805,143.75839,40.2,137.5,621.2326775984753
2015,41.16141,141.5005,41.0,138.5,252.12065065362967
2015,39.291317,141.7813,19.8,147.3,2230.8910090635636
2015,20.911217,149.72746,19.9,146.3,374.4684119614915
2015,20.965559,148.3727,20.4,145.6,295.21052817439363
2015,21.21664,147.87436,21.1,144.8,319.0667651773309
2015,22.08861,144.86261,21.700000000000003,144.20000000000002,80.87605706124339
2015,22.214552,142.95999,22.3,143.5,56.37874763025132
2015,21.613453,142.18988,23.0,142.8,166.46263151240677
2015,23.544924,143.0451,23.700000000000003,142.5,58.149470187336846
2015,24.969397,142.57445,24.8,142.3,33.48424323823782
2015,25.595171,143.17406,25.8,142.20000000000002,100.21997936609732
2015,26.074877,142.3116,26.8,142.6,85.59059273373654
2015,27.012112,141.89325,27.8,143.3,164.19165810937398
2015,28.201548,143.7168,28.8,144.20000000000002,81.59510805316431
2015,30.989498,145.17206,29.8,145.1,132.44677492206222
2015,32.052944,146.27802,30.8,146.0,141.7963562566358
2015,33.188953,150.45345,31.700000000000003,147.1,355.5512892345922
2015,33.655136,152.0282,33.0,148.20000000000002,363.0310451332973
2015,34.0578,153.37268,34.0,149.20000000000002,384.5542932875585
2015,34.788147,153.84943,35.1,150.6,298.18757359043883
2015,35.49738,154.43985,36.0,151.4,279.95205654224804
2015,35.92793,156.02563,36.3,151.9,372.87257472853275
2015,38.812847,157.39294,37.0,152.20000000000002,498.10052163984693
2015,38.474686,158.16422,37.8,152.4,509.59313517353735
2015,39.98423,160.82014,39.1,153.1,669.0345178633424
2015,39.838898,159.06647,40.5,153.8,453.40997520966374
2015,37.669262,157.4862,42.3,154.8,563.4036045579858
2015,39.90161,156.25963,43.1,154.5,384.62721691828557
2015,41.39016,156.75006,42.6,154.20000000000002,249.99899002885374
2015,45.288136,160.558,41.400000000000006,154.60000000000002,647.0120776189334
2015,47.011967,162.58891,40.3,155.5,938.4422224523269
2015,49.317837,165.25555,39.6,157.0,1261.9700956308204
2015,46.175983,157.75858,39.3,158.5,766.9592737885374
2015,42.319046,157.2394,39.3,160.60000000000002,438.8880282971116
2015,39.32312,159.20949,39.6,162.20000000000002,258.55739020682756
2015,38.347458,159.71846,40.900000000000006,164.20000000000002,477.2666807885053
2015,38.5479,162.62573,41.7,165.60000000000002,432.14004071416264
2015,39.2416,164.82188,42.400000000000006,166.8,388.617355741317
2015,40.26018,169.38736,42.8,167.8,311.7816305375775
2015,42.120274,169.48216,43.400000000000006,169.5,142.30673541779518
2015,47.359966,173.70024,43.8,171.3,437.65781382941276
2015,45.56881,173.1991,44.5,173.60000000000002,122.95026509369343
2015,46.647385,174.21832,18.2,134.20000000000002,4826.1102952746705
2015,19.871975,134.72168,18.5,133.6,192.7405675945733
2015,19.634361,134.70354,18.6,133.20000000000002,195.39896321163826
2015,19.39477,131.97087,18.6,132.8,124.13336592416924
2015,19.646702,129.5473,18.7,132.4,317.55791139757577
2015,20.015879,130.46722,18.9,132.20000000000002,219.9972680234651
2015,20.641054,130.91241,19.200000000000003,132.0,196.47530435665396
2015,20.266764,131.39621,19.5,131.70000000000002,90.9857202813814
2015,19.330902,131.36732,19.8,131.3,52.636177651529216
2015,19.739237,130.38614,20.200000000000003,130.9,74.22266084839802
2015,20.390259,131.46173,20.9,130.3,133.51122813723347
2015,21.291513,131.27618,21.6,129.70000000000002,166.69587033564616
2015,21.56015,130.68793,22.0,128.9,190.98381448958352
2015,21.708149,129.65298,22.200000000000003,128.20000000000002,159.51616648488647
2015,22.48476,129.27208,22.3,127.5,183.3420860392487
2015,24.17662,128.29083,22.5,126.7,247.25256282435967
2015,25.233007,127.91788,22.700000000000003,125.9,348.3648329995868
2015,24.505468,126.38162,23.0,125.0,218.61814015373727
2015,24.106083,125.811005,23.3,123.9,214.218000700298
2015,23.601244,124.7997,24.0,122.9,198.29135373314014
2015,23.849508,123.54697,24.0,120.9,269.556379299085
2015,24.155262,122.78584,24.1,120.0,282.7715698586648
2015,24.80579,121.69429,25.1,119.3,243.58503924042148
2015,25.029274,119.854416,25.5,117.6,232.6619648827574
2015,27.400541,120.060295,26.4,116.4,379.614977304431
2015,23.966253,115.313866,27.4,115.9,386.3048819167294
2015,25.423212,117.2324,28.0,116.3,301.1178303009231
2015,29.214893,118.89048,28.700000000000003,116.6,230.0810751492568
2015,26.899542,114.798935,17.8,116.5,1026.788906154414
2015,17.973043,116.98758,18.5,115.5,167.67369189531388
2015,18.257187,115.47928,18.9,114.3,143.3819913940127
2015,18.752777,114.86347,19.5,113.4,174.76080268754959
2015,19.01686,114.35476,19.8,112.3,232.42192368810814
2015,19.82727,112.4989,20.5,111.5,128.32284646099862
2015,20.79337,112.796364,21.1,110.5,240.8922660686097
2015,20.29341,110.92925,21.8,109.6,217.0072845105231
2015,21.64411,111.04024,22.6,108.8,254.0619116035198
2015,20.920746,109.04467,23.200000000000003,108.3,264.80343425004895
2015,22.728203,109.80087,20.1,160.10000000000002,5190.614384311085
2015,19.965492,164.96136,20.700000000000003,158.70000000000002,657.8947994047343
2015,20.947737,161.31279,21.200000000000003,157.0,448.3509954126182
2015,20.5477,156.54176,21.6,155.8,140.05232386577072
2015,21.893185,156.55511,21.700000000000003,154.5,213.26427462773816
2015,23.014866,153.71155,22.1,153.60000000000002,102.3714322815666
2015,24.418903,154.48398,22.4,152.8,282.7007097459607
2015,24.503452,152.5837,22.8,152.0,198.52550119517775
2015,24.805046,153.0389,23.5,151.1,244.44754841197042
2015,23.847034,151.61433,24.3,150.9,88.29635483314195
2015,25.16033,152.09619,25.3,150.70000000000002,141.29467790020195
2015,25.194534,152.00917,26.5,150.70000000000002,195.53531134989683
2015,25.787678,151.35199,28.5,151.0,303.6006130128175
2015,27.724283,150.63481,31.1,151.0,377.02523416410634
2015,29.70302,154.2061,34.2,150.9,589.2571988006777
2015,31.573784,155.10347,37.2,150.0,781.1709900178212
2015,33.453274,157.83969,39.5,148.3,1085.0074874691657
2015,38.619823,161.87607,41.0,147.9,1221.333374555089
2015,41.847054,161.75455,43.1,147.70000000000002,1159.698967414413
2015,43.52639,159.13252,44.8,148.1,890.6291754933809
2015,45.254875,158.49533,45.8,147.8,834.736717195046
2015,45.50859,154.87367,46.2,147.0,614.349316549408
2015,48.87452,159.79138,47.1,146.8,985.4787658123095
2015,52.37535,160.24818,47.900000000000006,147.3,1046.327029024796
2015,50.12029,161.68948,48.8,147.8,1013.010452878987
2015,48.860176,155.81187,50.2,148.0,582.8349225215112
2015,48.22244,151.97565,51.2,148.3,423.52696444749427
2015,51.259212,152.8204,52.2,148.5,315.34594286955945
2015,50.72232,156.40466,53.3,149.1,575.8785196366848
2015,51.258465,156.37679,53.8,150.20000000000002,504.1549933852699
2015,53.948708,157.18158,15.7,136.20000000000002,4626.024050311704
2015,18.790874,136.59122,15.6,134.9,397.68423954841813
2015,17.825293,133.10309,15.6,133.6,253.03643202416256
2015,17.084724,133.23718,15.6,132.70000000000002,174.76055805416902
2015,16.15802,130.6611,15.5,131.70000000000002,133.0620212773786
2015,16.10445,130.20306,15.5,130.20000000000002,67.21269292034097
2015,15.795572,129.47774,15.4,129.0,67.47339231085265
2015,15.92397,128.09554,15.5,128.0,48.2397512468406
2015,15.97572,128.48576,15.7,127.3,130.4979569008897
2015,15.621083,127.41546,15.6,126.3,119.48116998295696
2015,15.782282,124.28054,15.7,125.7,152.19255604932323
2015,15.653133,123.74813,15.8,125.2,156.25277225689507
2015,16.506088,123.394104,15.8,124.4,133.06562403267142
2015,17.332077,124.07547,15.8,123.8,172.87061604375046
2015,16.151619,122.48018,16.0,123.1,68.33820582112851
2015,16.844229,122.834236,16.1,122.1,113.92076196280495
2015,16.869534,122.89367,16.1,121.3,190.2509729829777
2015,16.217625,121.13455,16.3,121.0,17.035288948309407
2015,16.107224,120.94508,16.5,120.6,57.12991591036398
2015,16.742512,119.73329,17.0,120.1,48.398386437389036
2015,16.71811,117.89856,17.7,120.0,248.4767717173058
2015,16.666105,117.919685,18.0,120.1,274.87471058715994
2015,17.29429,119.35496,18.2,120.2,134.72689749395425
2015,17.385847,119.05847,18.4,120.3,173.13415981642393
2015,19.095585,118.65692,18.8,120.6,206.97846221002092
2015,20.872543,120.81627,19.1,120.9,197.29220084385648
2015,19.669172,121.59252,19.200000000000003,121.3,60.51890489768487
2015,18.885658,121.00023,19.200000000000003,121.9,100.82701668758912
2015,18.653624,121.09779,19.3,122.2,136.37506247213886
2015,19.867884,122.87375,15.5,152.6,3182.1622748748196
2015,17.915842,153.2606,16.0,151.20000000000002,305.6312799161597
2015,17.142567,154.2525,16.2,150.0,464.93382441720433
2015,16.737518,149.77351,16.2,148.4,158.18749878957772
2015,16.798862,148.45924,16.1,147.0,173.94186078270425
2015,17.867186,148.30441,16.0,145.0,408.22142638548377
2015,18.587431,146.0423,16.2,144.1,336.0695478655616
2015,18.177273,145.54755,16.6,143.20000000000002,304.64395244074956
2015,16.966515,142.54965,17.1,142.5,15.753696539280936
2015,16.591583,141.13542,17.5,141.6,112.43919686985618
2015,16.28737,137.26688,18.5,140.70000000000002,439.5624326202397
2015,17.992994,139.45811,18.8,140.3,126.26504199505754
2015,19.032942,139.81732,19.1,140.20000000000002,40.90293691415414
2015,20.218771,140.45213,19.5,140.1,88.0000385752775
2015,20.24617,139.2309,19.9,140.1,98.59390736831804
2015,23.15934,139.01294,20.200000000000003,140.20000000000002,351.1740825385216
2015,21.78417,140.1746,20.5,140.4,144.69397365628672
2015,21.764324,141.55307,20.8,140.3,168.3860154198819
2015,22.276112,141.25542,21.0,140.20000000000002,178.98073864352492
2015,22.156319,141.91968,21.1,140.1,221.75116803762856
2015,22.094316,141.71175,21.4,140.1,183.4930500292554
2015,22.191864,141.73508,21.8,140.0,184.11744745559002
2015,22.10324,139.92561,22.1,139.8,12.946236757448627
2015,22.620361,140.79967,22.3,139.8,108.72703064776694
2015,22.492008,140.54138,22.700000000000003,139.8,79.5460437702284
2015,23.32511,141.27399,22.9,139.9,148.25452949049196
2015,23.999195,140.28816,23.200000000000003,140.20000000000002,89.31945215507477
2015,24.114567,139.96303,23.5,140.6,94.17565362384651
2015,24.091524,140.98695,23.700000000000003,141.1,45.0269543119169
2015,24.684938,141.15347,24.0,141.8,100.45247969602984
2015,24.295307,141.41582,24.200000000000003,142.70000000000002,130.62740344702345
2015,25.43424,142.78746,24.700000000000003,143.8,130.63827259466902
2015,25.968212,144.17876,25.0,145.0,135.59401399779273
2015,25.887674,145.57877,25.4,146.4,98.57731421662359
2015,26.775618,147.39993,25.9,147.8,105.21023732386341
2015,26.600462,149.11508,26.4,149.1,22.34085259528071
2015,28.638466,151.6391,27.1,150.3,215.84618417076595
2015,27.988985,153.30638,27.5,151.8,157.900014148316
2015,28.717201,155.21739,28.3,153.3,193.00786566171953
2015,29.404974,156.59473,29.5,155.10000000000002,145.1105632309241
2015,29.590456,157.42625,31.1,158.20000000000002,183.54081852435172
2015,30.980062,158.05316,33.5,163.70000000000002,600.3398315233858
2015,30.405727,160.92206,36.8,167.60000000000002,941.7987005855798
2015,32.760498,162.5217,40.6,171.5,1182.2832102450857
2015,35.635666,166.4874,7.9,152.9,3379.5756269266403
2015,8.283617,150.9289,8.5,151.6,77.64661577884307
2015,8.02747,148.99388,9.2,150.4,202.22750579451827
2015,8.858845,149.49748,9.7,149.4,94.14209972980011
2015,10.132108,149.98676,9.9,148.70000000000002,143.24428009387722
2015,10.816515,148.3405,10.5,147.5,98.35922705716018
2015,10.842306,145.97923,10.8,145.9,9.84962749664114
2015,11.931699,145.11455,11.0,144.5,123.36135420019261
2015,12.144848,144.95992,11.3,142.8,253.22993605597327
2015,11.725966,145.49464,11.9,141.3,456.95090858869423
2015,13.160117,142.77345,12.5,139.6,351.80050883703865
2015,12.555252,139.65155,12.8,138.0,181.22175455470656
2015,12.690222,138.54611,13.5,136.6,229.19648013904015
2015,13.157137,135.95741,14.2,135.20000000000002,141.92689621639957
2015,14.718806,135.41801,14.7,133.8,174.03092534448749
2015,15.262897,133.54852,15.3,132.70000000000002,91.10897489686911
2015,14.835325,132.35062,15.9,132.0,124.21175278545432
2015,16.629484,132.08388,16.5,131.5,63.87370735217497
2015,17.335882,131.18683,17.3,131.3,12.658866177628058
2015,17.31531,129.9497,18.0,131.4,171.49244824429198
2015,18.382257,130.01285,18.6,131.9,200.47484804609883
2015,19.112095,131.05222,19.0,132.70000000000002,173.6319943791777
2015,19.709902,131.67773,19.3,133.8,227.06250790742988
2015,21.447556,133.54337,19.5,134.5,238.38436989880583
2015,21.82147,135.83005,19.9,135.1,226.7226732468748
2015,21.867094,137.45285,20.1,135.8,260.8683568005231
2015,21.374073,139.10489,20.5,136.8,258.3446336784822
2015,21.329285,141.43826,21.4,137.8,376.8297348098526
2015,20.307283,139.54866,22.5,138.5,266.89290268798425
2015,21.209002,139.24759,23.9,139.6,301.4056577252254
2015,20.838104,140.29683,11.2,132.3,1369.9629178125797
2015,13.301496,131.5185,11.5,131.20000000000002,203.28144041459566
2015,12.295859,131.1721,11.9,130.3,104.53863510320909
2015,12.169989,130.40363,12.2,129.1,141.73019929428028
2015,12.602811,129.38892,12.3,128.0,154.52088176043432
2015,12.986568,128.40659,12.4,127.0,165.9378297463525
2015,13.041443,127.29755,12.5,125.9,163.07582302872964
2015,13.792207,127.10051,12.6,124.6,301.41381036942687
2015,13.7142315,125.09406,12.8,123.5,200.24870220918547
2015,13.349002,124.02754,12.9,122.6,162.45103450688904
2015,13.312431,123.19933,13.0,121.8,155.44642211496242
2015,13.222037,121.80209,13.3,121.2,65.73871821175248
2015,13.227406,119.7334,13.6,120.6,102.48099193961063
2015,13.789931,119.11608,13.9,120.1,106.9309518198486
2015,13.650151,118.9525,14.0,119.8,99.43321089994659
2015,13.71648,118.59373,14.1,119.5,106.71020302914471
2015,14.569104,119.14118,14.2,119.3,44.464728039562516
2015,14.635785,118.85259,14.0,119.0,72.45812635817849
2015,14.95084,118.82464,13.7,118.8,139.11258494824867
2015,14.489399,118.88262,7.300000000000001,127.5,1234.138254833622
2015,8.773503,126.68297,7.300000000000001,126.9,165.57957678053376
2015,8.24749,126.17866,7.4,126.1,94.63423013786677
2015,7.047859,124.77753,7.5,125.3,76.47699363815745
2015,7.378621,124.50026,7.6,124.4,26.983951802853856
2016,16.51203,135.27927,17.1,133.6,190.33080208444363
2016,16.629269,133.71274,18.0,131.9,245.47814093040446
2016,18.510866,132.98868,18.7,130.20000000000002,294.6299657888192
2016,18.666288,130.13441,19.5,128.5,195.17116955567786
2016,20.369791,129.2214,20.1,127.0,233.6959989745
2016,20.875973,127.53852,20.700000000000003,125.6,202.46786942523252
2016,21.879578,125.19647,21.3,124.4,104.56954142347658
2016,22.104969,123.45027,21.6,123.4,56.389261357894895
2016,22.97651,121.836914,21.9,122.7,148.98628913688046
2016,23.22233,121.20245,22.4,121.8,110.05566779344859
2016,23.78256,120.33128,22.6,120.7,136.78852893185686
2016,24.546375,119.962395,23.200000000000003,120.1,150.36268506777142
2016,24.013489,119.73846,23.1,119.8,101.76897165306029
2016,24.3769,120.217896,23.3,119.6,135.23481402461627
2016,25.021221,118.79074,24.3,119.1,86.07024496405919
2016,24.080984,117.09141,24.700000000000003,118.7,176.84677298631158
2016,26.47935,118.53828,25.1,118.1,159.52981934302957
2016,24.58231,119.62,25.8,116.9,305.33601112271356
2016,25.197817,119.70734,26.4,116.5,347.7908523817965
2016,28.143286,118.608925,37.3,159.3,3908.1784626818344
2016,33.25929,163.16881,40.7,159.0,906.1603109563634
2016,38.004635,165.64977,44.0,157.8,936.3579079450041
2016,40.909767,164.75085,45.6,156.5,846.8782460098777
2016,41.24382,161.61577,46.7,155.4,784.0164945753185
2016,44.22955,159.1404,47.5,154.0,538.9226821793875
2016,49.27864,158.44681,48.7,152.70000000000002,424.1225906437645
2016,50.470123,155.46776,20.0,106.7,5432.067750438699
2016,20.119001,105.69723,20.200000000000003,106.0,32.86258924146916
2016,20.132881,105.16677,20.6,105.6,68.82906883226514
2016,21.454672,104.83124,21.3,105.1,32.71462178985286
2016,21.242887,103.5226,18.7,121.1,1857.569760211788
2016,19.437452,119.04839,19.5,120.2,120.93132222910425
2016,20.041967,119.50088,20.1,118.9,63.08768760463316
2016,20.460909,119.7469,21.1,117.5,244.15829570326056
2016,21.036835,118.843605,21.8,116.0,306.3391027422501
2016,21.602175,116.97504,22.4,115.0,222.10422950594474
2016,22.811247,116.887764,22.8,113.6,336.999137579615
2016,22.472006,114.01288,23.5,112.3,209.3062502638511
2016,24.395538,112.6137,23.9,110.8,192.0968645048688
2016,24.32488,110.56644,24.3,109.4,118.23129318915294
2016,25.14473,111.458015,24.9,107.9,359.5213303352973
2016,24.49226,109.65733,21.4,147.5,3878.387358073664
2016,21.295237,149.026,22.5,147.5,206.7184837756296
2016,21.110138,147.26988,23.3,147.5,244.65138517004527
2016,22.068596,146.65019,24.3,147.6,266.4351958144446
2016,24.124577,146.33743,25.1,147.5,159.92510143087065
2016,26.407568,147.17891,26.200000000000003,147.6,47.90206244078445
2016,28.135082,149.06628,27.5,147.5,169.45022260438532
2016,27.638327,149.19745,28.700000000000003,146.9,254.26465308941727
2016,29.343779,149.92705,29.8,146.4,344.83948689058406
2016,28.836687,147.9929,30.9,145.8,311.9919472444727
2016,31.919893,150.0866,32.0,145.0,479.9073876882836
2016,33.88097,149.43042,33.300000000000004,144.4,470.35945683175504
2016,34.25359,146.78932,34.4,144.20000000000002,238.32431934011953
2016,35.405617,147.23901,35.4,144.4,257.30605704142846
2016,36.488243,146.9707,36.6,144.70000000000002,203.22642632464675
2016,37.387474,145.31273,37.9,145.70000000000002,66.41199771375366
2016,39.86299,146.81789,40.0,147.1,28.473146269043
2016,40.76421,148.82005,41.7,148.6,105.66975385267506
2016,40.599747,152.06075,44.1,151.20000000000002,395.57939303163056
2016,41.67282,152.132,46.400000000000006,153.20000000000002,532.5121621344489
2016,42.834522,155.43921,48.6,156.3,644.5543573322259
2016,47.033268,158.1946,50.400000000000006,159.8,392.42901298034917
2016,46.608624,159.89297,52.2,162.8,656.2106266481013
2016,49.60355,163.83464,17.900000000000002,156.9,3579.597883464584
2016,18.785322,156.39095,18.2,156.0,77.04322282526626
2016,17.71876,156.0691,18.6,155.20000000000002,134.29051024240255
2016,17.762707,155.81802,18.9,154.3,204.1204814466027
2016,19.052881,153.65707,19.6,153.9,65.9610757901343
2016,21.357422,152.90697,20.1,153.70000000000002,162.3292827472755
2016,20.528456,152.14476,20.5,153.9,182.82362272407366
2016,21.18954,151.87582,21.8,154.5,279.8534558326664
2016,21.05768,150.6893,23.6,155.4,560.8998445893396
2016,23.248186,152.67726,25.200000000000003,155.60000000000002,367.32247238352016
2016,23.247496,153.56625,26.3,155.60000000000002,396.6759703213706
2016,22.99242,155.44197,27.6,155.4,512.3575809259604
2016,28.089218,157.90326,28.8,155.3,266.5053843371165
2016,31.762976,160.42433,29.8,155.10000000000002,553.4011785773685
2016,32.16853,158.17479,31.700000000000003,154.20000000000002,378.664005604674
2016,31.061247,157.01523,32.9,153.1,422.0555564574859
2016,32.61202,155.33223,34.0,152.20000000000002,329.443035751926
2016,34.355736,156.98138,35.800000000000004,151.20000000000002,549.96157864993
2016,34.66193,156.64116,38.1,149.6,736.8780020372392
2016,39.00245,154.2483,40.400000000000006,147.8,572.9801773660256
2016,38.492546,152.99518,42.3,146.1,720.8492276491203
2016,39.640446,152.6308,43.8,145.6,744.1364708444802
2016,43.63628,152.91112,46.3,145.8,632.6704840274499
2016,46.401546,150.64143,48.8,145.4,474.77081275927657
2016,47.97713,149.21066,53.2,144.0,687.0433275354146
2016,49.03705,148.39986,26.700000000000003,144.70000000000002,2504.153097523541
2016,24.073719,147.83443,27.9,144.4,546.6065434228784
2016,28.727379,149.41014,29.1,143.9,537.8749450994709
2016,30.689955,149.63374,30.3,143.0,636.9881757843723
2016,30.39496,148.08981,31.700000000000003,142.3,570.2536967728345
2016,32.049923,146.29398,33.1,141.5,464.0855527390914
2016,32.494133,144.39804,34.300000000000004,141.1,366.11039664446906
2016,34.085037,144.20412,35.7,141.20000000000002,327.5678670775266
2016,35.11772,142.2987,37.7,141.6,293.8628263480871
2016,37.97869,143.56189,40.8,142.5,326.7108641401384
2016,39.889473,143.58609,44.3,143.1,492.0634256026127
2016,40.927643,145.11624,47.900000000000006,144.6,776.3701858857374
2016,42.247643,149.53297,51.8,145.5,1104.845654191954
2016,45.118267,151.40099,54.6,146.5,1110.6331105700124
2016,49.161724,153.47603,57.8,147.5,1037.7802523531645
2016,50.478714,149.9468,60.5,149.1,1115.5700082898404
2016,52.13078,152.66376,21.4,112.9,4818.448455795113
2016,22.319073,109.97256,21.3,112.7,303.5085560372933
2016,21.899471,112.66348,21.200000000000003,112.4,82.41317327371503
2016,21.29985,111.741684,21.1,112.0,34.79913641419863
2016,21.235212,112.293175,20.9,110.8,159.35519770074345
2016,21.00852,111.766426,20.4,109.6,235.27516076414935
2016,20.78183,111.66506,20.4,108.6,321.8538100141952
2016,20.543896,111.045265,20.5,107.6,358.8110095727149
2016,20.408741,110.18299,20.700000000000003,106.5,384.81609466047115
2016,19.498266,106.41666,20.9,105.0,214.82164790334147
2016,18.769207,105.54266,21.6,103.0,411.6782150844576
2016,19.86525,104.68916,23.0,101.3,494.4791179639712
2016,20.361572,103.67381,17.3,142.5,4091.238252514696
2016,16.987837,143.59026,17.900000000000002,141.70000000000002,224.71052187927978
2016,19.106794,145.61136,18.6,140.9,498.9487750733311
2016,19.080854,143.06068,19.6,140.70000000000002,254.31821869060605
2016,19.834492,141.43022,20.4,140.8,91.01638990736046
2016,19.518953,139.79582,22.200000000000003,141.0,323.3056187805022
2016,20.7406,138.0653,24.200000000000003,141.1,495.13177155830647
2016,21.728394,137.04196,26.200000000000003,140.8,626.8289538632882
2016,24.27029,139.93741,28.0,140.6,419.96368389164763
2016,24.584635,142.30293,29.8,139.9,626.6760633784835
2016,29.746653,143.84665,31.6,139.6,455.37978783428576
2016,32.316967,144.42784,33.2,139.20000000000002,498.5619867690011
2016,33.284653,141.51471,34.300000000000004,139.4,225.68100676770956
2016,35.036263,142.81206,35.9,140.0,272.15939409879
2016,36.49367,141.58472,37.8,140.6,169.4584444323212
2016,39.177505,143.46957,40.6,141.6,224.62782334368183
2016,40.57768,143.57198,43.6,143.4,336.36652669236867
2016,40.05971,148.3329,32.4,139.8,1143.9212655636645
2016,35.346416,142.19852,31.6,138.6,533.7062702675172
2016,36.139545,141.06206,31.1,137.5,650.1013248863778
2016,36.18203,138.8091,30.8,136.6,632.4889831189145
2016,34.174637,137.58101,30.4,135.5,463.03458191785654
2016,32.39259,135.4981,30.0,134.3,289.4163218992857
2016,30.758537,135.0365,29.5,133.6,196.6418606530908
2016,30.711254,133.95761,29.3,133.3,169.21783764025
2016,30.871765,134.03287,29.0,133.20000000000002,223.06556826107337
2016,30.108854,132.80647,28.8,133.3,153.1813803061339
2016,29.406002,130.85965,28.700000000000003,133.6,277.6901301536199
2016,28.963966,131.57146,28.6,134.1,249.72222148745695
2016,29.814594,132.4221,28.200000000000003,134.3,256.08107648354377
2016,29.388966,133.66501,27.9,134.5,184.52862343613603
2016,29.349241,134.66411,27.4,134.3,219.6533828202169
2016,29.218245,135.61957,26.8,134.1,307.4949260277223
2016,29.091679,137.00781,26.0,133.3,501.74194075219356
2016,27.565409,135.4648,25.4,132.8,358.1911736731164
2016,27.444904,135.3228,24.9,132.3,413.5769916931016
2016,26.540218,133.09038,24.4,131.8,270.9467077714041
2016,26.017992,132.80615,23.9,131.4,274.8738506590705
2016,24.260399,129.22252,23.6,131.0,195.0090642399952
2016,24.798891,129.70364,23.5,130.9,188.6628629833098
2016,24.635695,129.25449,23.5,130.8,201.41439383992702
2016,24.311804,129.05563,23.0,130.5,207.1639198041268
2016,23.925272,129.09232,23.1,130.9,205.89378378103848
2016,23.904152,128.63136,23.1,131.3,286.4309628653281
2016,24.483921,129.95047,23.200000000000003,132.1,261.09926844433187
2016,24.5286,130.16225,23.5,132.5,263.5506500643916
2016,22.566044,129.2581,23.8,133.0,406.3285926875505
2016,25.187365,131.86412,24.0,133.9,244.5400025457716
2016,24.590708,133.52023,24.5,134.70000000000002,119.75463424067785
2016,25.499329,135.68073,25.1,135.5,47.97648831363976
2016,25.71441,134.44806,26.1,136.6,219.46360831258306
2016,25.7919,135.5694,27.8,137.9,321.4935002572849
2016,26.34672,138.74583,28.5,138.9,239.9170836276473
2016,28.075958,139.60901,29.4,140.4,166.2012667416245
2016,28.963879,140.59097,30.5,141.8,206.8869499305713
2016,32.039673,143.56154,31.5,142.8,93.72192463354916
2016,37.049767,147.17108,32.4,143.5,616.2145566968392
2016,33.25538,147.00284,34.0,143.8,307.8673528600658
2016,34.539173,150.42526,36.0,143.0,693.1968146518334
2016,35.65584,151.25166,37.6,142.1,844.3957156104699
2016,35.508026,150.2109,41.0,140.20000000000002,1065.1874265852512
2016,36.209644,149.21954,43.5,136.5,1352.4450366595247
2016,40.639687,148.36378,38.900000000000006,142.70000000000002,521.1590506600926
2016,38.17374,143.22037,40.6,143.0,270.45174016098986
2016,41.55155,143.74203,42.5,143.9,106.26680550648793
2016,43.021286,141.66641,44.8,144.70000000000002,313.287885912706
2016,45.432026,146.05385,46.8,145.8,153.3650502104047
2016,44.61117,152.01147,26.5,130.8,2764.989376891816
2016,25.524801,132.92032,27.1,130.8,274.4781045233944
2016,27.127947,136.71652,27.700000000000003,130.8,587.4042271952734
2016,28.348192,137.52626,28.5,130.6,677.4378261100367
2016,28.562984,135.15388,29.3,130.4,469.8035453338875
2016,29.262339,133.0709,30.0,130.1,298.62324500551557
2016,29.447191,131.96707,30.6,129.9,236.71051645175353
2016,30.50037,132.51122,31.1,129.70000000000002,276.65004028738304
2016,32.351006,131.86697,31.5,129.6,233.93150166351205
2016,33.71052,132.69142,32.0,129.6,345.749072710051
2016,34.28136,132.95795,32.4,129.70000000000002,367.8739717068486
2016,34.605614,134.00743,33.1,129.9,414.5561344113508
2016,34.48773,133.11226,33.9,130.3,266.77244839909713
2016,34.3556,132.8339,16.400000000000002,135.70000000000002,2016.9470423529476
2016,16.48633,135.91531,16.7,134.4,163.21675057789145
2016,17.110159,134.2042,17.3,133.20000000000002,108.7333099969258
2016,17.778004,133.25412,17.6,131.70000000000002,165.82493483818828
2016,18.8762,132.68321,18.0,130.4,259.8046984364084
2016,18.996714,130.47035,18.3,129.4,136.81538290951352
2016,18.849041,129.01016,18.9,128.20000000000002,85.43012936772189
2016,20.30306,128.29695,19.3,126.8,192.26616889633388
2016,19.574207,125.8939,19.6,125.5,41.36451008211459
2016,20.40293,125.04963,20.200000000000003,124.2,91.43376182344048
2016,20.6144,124.9917,20.4,122.9,219.14618345730517
2016,21.75434,123.79764,20.8,121.8,232.59911558243505
2016,21.502,121.79699,21.5,120.8,103.14574905225871
2016,21.471037,120.48463,22.5,119.9,129.32318879680193
2016,22.927797,119.20699,23.5,119.0,67.05024365370741
2016,21.977152,117.67858,24.3,118.4,268.61404249638395
2016,23.044647,117.69914,25.200000000000003,117.5,240.51507635792922
2016,24.89681,117.94461,26.0,116.9,161.39405404004876
2016,27.162888,118.53949,27.200000000000003,117.1,142.44639607222797
2016,28.635075,118.27674,28.8,117.7,59.15689083689997
2016,29.335178,119.19721,30.1,118.7,97.66281488425106
2016,29.68035,118.70595,31.8,119.7,254.11691908541735
2016,30.208101,119.343994,33.1,121.4,375.8423526145656
2016,32.708202,124.789085,33.7,123.0,199.66894963117036
2016,35.58021,128.3889,33.5,123.8,479.681742935351
2016,35.245926,130.39255,32.9,124.4,610.3305212080936
2016,37.378803,131.45688,16.1,104.8,3526.528176112073
2016,16.676605,105.77368,16.3,103.6,235.51462040111625
2016,17.574144,103.56268,16.7,102.8,126.55230887818493
2016,17.545164,102.41698,17.2,101.9,66.95522721349981
2016,16.17643,101.69542,15.0,134.4,3501.655081141729
2016,16.201427,133.69461,15.5,133.3,88.68454818279064
2016,16.149551,130.99156,15.8,132.1,124.70487071298895
2016,16.707172,131.50175,16.400000000000002,131.1,54.77518723801204
2016,16.901196,130.347,16.7,130.0,43.18450533893097
2016,16.845058,129.21764,17.1,128.70000000000002,61.92168786428481
2016,18.185352,128.64273,17.6,127.8,110.40200784609901
2016,17.881807,127.11519,18.4,126.8,66.55340086124957
2016,19.393053,127.010574,19.3,125.6,148.35286615082686
2016,18.831713,125.56641,20.1,124.6,173.64701458688683
2016,19.206606,123.62576,21.1,123.9,212.47316143735003
2016,20.322016,124.08897,22.1,123.4,210.2063012248234
2016,21.85121,123.337524,22.9,123.1,119.15014988895686
2016,23.071493,121.92857,24.1,123.0,158.11423813009927
2016,23.965977,121.908554,25.3,122.8,173.55652748038955
2016,25.943027,123.120674,25.8,122.7,44.99321189808287
2016,27.356762,124.21289,26.200000000000003,122.7,197.73353617417635
2016,27.792707,125.00329,26.8,123.5,185.06459906116913
2016,30.496319,127.00154,27.5,124.2,430.3568139738349
2016,31.68685,126.83964,28.0,125.1,442.9440545912488
2016,29.791677,126.18462,28.6,126.0,133.7149765703492
2016,29.305101,126.675514,29.4,127.1,42.47279131325637
2016,30.179907,130.84502,30.200000000000003,128.3,244.61406844774288
2016,30.607738,130.83485,30.8,129.8,101.22273918561642
2016,31.134544,132.7386,31.6,131.5,128.48182396034636
2016,32.20784,134.12029,32.7,133.5,79.88854377827496
2016,33.883354,136.18008,34.300000000000004,136.1,46.91222600960072
2016,34.650116,137.61798,34.5,138.3,64.63547578947666
2016,34.664505,140.91617,18.9,132.9,1923.1997920009171
2016,18.623043,131.90211,19.4,131.6,92.04696338288414
2016,20.863958,131.59222,19.8,130.4,171.60637822939685
2016,22.316984,131.1705,20.1,129.4,307.3278231047329
2016,21.033731,128.9325,20.5,128.3,88.58152969003866
2016,21.33415,128.94075,20.8,127.3,180.31049490052087
2016,21.995386,126.82477,21.4,126.2,92.4633681120058
2016,22.111986,126.0019,21.9,125.3,76.1039660826689
2016,22.28076,125.757935,22.4,124.3,150.53156642912484
2016,22.781115,124.533325,23.1,123.3,131.17599231261275
2016,22.869152,123.73982,24.0,121.6,251.92916307852792
2016,24.282852,122.66167,23.700000000000003,120.5,228.9610707207393
2016,24.806246,122.56476,24.4,119.4,323.1222612046388
2016,25.154594,121.431496,24.9,118.0,346.8862653258409
2016,26.57917,120.78985,25.0,117.1,409.0068238652007
2016,27.269667,117.519714,25.200000000000003,116.4,255.79916139623882
2016,24.330263,118.10933,25.6,115.9,263.68668903747374
2016,27.404613,117.559296,26.200000000000003,116.0,204.67104482109778
2016,27.019863,115.306526,26.8,116.6,130.56273567462338
2016,26.197033,115.51108,27.6,117.1,221.7232537875554
2016,26.609367,115.09036,28.8,117.5,339.9924785467076
2016,27.479258,115.582306,14.5,150.9,3922.5663426239885
2016,16.2672,149.98763,14.4,150.0,207.62775303492947
2016,15.098925,147.71776,14.4,148.4,106.87306083291868
2016,14.6172285,147.33636,14.5,146.9,48.73908697407405
2016,15.215404,145.8959,14.5,145.20000000000002,109.18858206497951
2016,15.616635,144.96193,14.5,144.20000000000002,148.69426426286722
2016,15.31247,145.33624,14.5,143.20000000000002,246.6813878784162
2016,15.197314,141.4628,14.2,141.8,116.67625844539148
2016,15.90496,140.20493,13.8,140.6,237.88117835079981
2016,15.388647,138.16855,13.4,139.3,252.47991029924566
2016,15.44242,139.0991,13.5,138.20000000000002,236.68670349069868
2016,15.097233,138.54753,14.0,137.4,173.6070068616228
2016,14.305977,135.76205,14.8,136.70000000000002,114.92683915265954
2016,13.986521,135.03357,15.4,136.0,188.43444808767526
2016,13.6524515,133.29639,16.1,135.4,353.7894971997951
2016,15.198782,132.73267,16.900000000000002,134.6,274.95204339850056
2016,16.897615,133.39359,17.6,133.70000000000002,84.60896791941794
2016,18.596182,133.44553,18.4,132.70000000000002,81.58614412392619
2016,18.64209,133.00049,19.6,131.6,181.64124743143117
2016,19.551968,132.99895,20.8,130.4,304.68559269462054
2016,20.392601,131.95984,21.700000000000003,129.20000000000002,321.1806710384656
2016,20.756212,131.07013,22.700000000000003,128.4,350.3927753956372
2016,22.000025,130.07072,23.8,127.6,322.64377556735843
2016,24.685648,129.62253,24.9,127.0,265.8008321380336
2016,26.300167,129.25484,25.8,126.8,251.45795089805844
2016,26.628172,128.79022,26.8,126.4,238.17569309342318
2016,28.581728,130.65599,27.9,126.2,443.0092186213944
2016,30.039677,130.55005,29.4,126.0,445.0787468768195
2016,31.535112,131.12192,31.1,125.9,498.35562206257805
2016,32.52938,133.10088,32.800000000000004,126.8,590.4971877563869
2016,33.197884,132.2355,34.300000000000004,128.1,401.4760585802397
2016,34.921253,133.56522,35.9,131.0,256.67700578195536
2016,38.182587,134.83716,38.400000000000006,136.1,112.83219824181225
2016,41.198963,137.15073,40.0,143.0,511.4053328877719
2016,43.240555,144.77492,41.2,148.3,368.3799635931785
2016,41.680714,146.83241,42.1,153.5,553.7411403328257
2016,40.447956,153.87216,43.0,158.3,464.1758179658862
2016,41.98085,160.62642,43.900000000000006,164.0,347.73220712509374
2016,39.84954,162.80548,20.6,118.1,4735.828703495183
2016,22.506006,121.24692,20.5,117.3,465.24772782192895
2016,21.696156,119.52923,20.3,116.5,350.68591239296876
2016,21.912235,116.59827,20.700000000000003,116.1,144.3393809373263
2016,21.370218,114.68833,21.0,116.0,142.08758696409495
2016,20.681454,114.805435,21.200000000000003,116.1,146.28359846188286
2016,20.026382,114.31527,21.3,116.3,250.38673994955164
2016,19.341642,113.60188,21.5,116.6,393.94123920249814
2016,21.847042,115.13321,21.6,116.9,184.5606537340387
2016,22.108715,116.77444,21.700000000000003,117.1,56.5115701374537
2016,21.987701,117.89054,21.8,117.3,64.40482435638118
2016,21.38711,118.059525,21.9,117.5,81.22057071154599
2016,21.599905,118.90236,21.9,117.7,128.58334684237346
2016,21.335182,119.23372,21.8,117.8,157.01024393193862
2016,21.336712,119.1106,21.5,117.8,136.87732542459523
2016,21.342678,119.11442,21.3,117.3,188.00432260481952
2016,21.357365,119.390656,21.0,116.7,281.7918758578947
2016,20.787617,118.97632,20.6,116.0,310.2972370126461
2016,20.78567,118.58958,20.1,115.4,340.954704523686
2016,20.056812,118.28396,19.4,114.6,392.4390245731429
2016,19.680967,115.62248,18.5,114.0,215.1966084858342
2016,18.806768,114.91457,17.5,113.5,208.45176601658207
2016,18.426353,114.10759,16.8,113.1,210.0152385402994
2016,18.125624,113.64649,16.2,112.4,251.76043520942488
2016,17.057945,112.14509,16.400000000000002,111.7,87.17148838668878
2016,16.147697,112.335266,16.900000000000002,110.7,193.35429534177297
2016,15.131699,112.046936,16.900000000000002,109.4,344.50914678636724
2016,15.101766,111.59899,16.5,108.5,366.20227922178543
2016,14.509834,110.12158,16.3,107.8,318.67754071865096
2016,16.684925,109.34912,16.3,107.1,243.5898038482645
2016,17.602707,107.47797,16.3,106.3,191.52106486796532
2016,16.404436,105.29091,16.400000000000002,105.6,32.974376090593694
2016,15.541808,105.352165,16.7,105.0,134.16700099867708
2016,15.621295,105.011665,21.1,151.1,4885.723676302607
2016,20.76557,150.38179,22.1,149.9,156.53719574539568
2016,21.75201,150.36333,23.200000000000003,148.6,242.3777989529673
2016,22.648148,149.77446,24.0,147.3,293.9867119731685
2016,23.510315,148.35684,24.700000000000003,146.5,230.25436647637622
2016,24.474394,146.67596,25.4,145.9,129.283639795352
2016,27.196285,148.17278,26.3,145.8,255.8129503857908
2016,28.856327,147.94492,27.200000000000003,145.8,279.7092511703609
2016,28.909966,147.18576,27.8,146.0,169.39772173100565
2016,29.826694,148.22324,28.5,146.70000000000002,208.89342562682393
2016,30.483892,148.55473,29.3,147.5,166.3360208031516
2016,32.44739,151.46803,30.200000000000003,148.9,349.1894531023207
2016,33.27904,153.4235,31.3,150.9,323.54122747955455
2016,32.122063,153.84238,32.5,153.8,42.2130462332375
2016,33.06284,155.90303,33.9,156.70000000000002,118.86310761469625
2016,34.22509,156.84848,36.0,160.9,417.99285627270115
2016,36.13795,161.98195,38.2,166.0,423.4051711123021
2016,38.381115,166.85918,40.3,171.10000000000002,422.4581470875376
2016,39.399467,173.15884,41.7,176.9,406.5642162647016
2016,40.014034,174.76338,14.0,125.3,5595.002082872923
2016,15.3223095,122.61315,14.3,124.5,232.51561916937194
2016,15.1942005,122.211784,14.7,123.9,189.5107546166473
2016,14.711389,124.0262,15.1,122.9,128.49720969212495
2016,14.216275,123.686935,15.7,121.8,261.3559519629818
2016,14.646003,122.032394,16.2,120.0,278.0560907228896
2016,15.836343,120.920494,16.6,118.2,302.62031475924454
2016,16.947084,121.19006,16.8,117.2,424.8817195561385
2016,16.949526,118.98248,17.0,115.7,349.1353744652524
2016,18.085594,117.31006,17.2,114.5,313.62205147868724
2016,17.583181,113.71036,17.5,113.1,65.37039296574164
2016,17.828188,112.15111,17.8,112.3,16.07090174844023
2016,18.095888,112.709274,18.2,111.6,117.78018738088961
2016,17.919405,110.18762,18.6,110.8,99.54260863946627
2016,18.285677,109.67052,19.1,109.9,93.7193228211224
2016,18.459145,108.08273,19.6,109.5,195.670550422455
2016,19.066273,108.92448,20.1,108.9,114.97398721741186
2016,19.647902,109.13375,20.8,108.4,149.24018029523614
2016,19.870516,108.37208,21.5,108.2,182.07264912974222
2016,20.379799,107.58878,22.0,107.9,183.02470194917535
2016,21.22387,109.109825,22.6,107.9,197.46062874937695
2016,21.307552,108.162285,23.200000000000003,108.1,210.5284659606501
2016,22.653917,108.57271,23.8,108.7,128.10078710994813
2016,23.624681,109.80453,11.2,138.6,3343.2332754687004
2016,11.883196,136.19392,12.1,137.8,176.34586382734713
2016,11.554014,133.95247,12.9,136.70000000000002,333.984795112373
2016,12.135775,136.46355,13.3,135.6,159.7871017342573
2016,13.222497,137.3274,13.8,134.5,312.3598728925703
2016,14.389381,135.97787,14.4,133.4,277.64912379032336
2016,15.850996,134.38014,14.9,132.20000000000002,256.54776697591774
2016,16.161238,132.07948,15.3,130.8,167.1050410320104
2016,15.606035,130.92918,15.6,129.1,195.90133368763145
2016,16.428915,129.88351,16.0,127.6,248.43459972592376
2016,17.308006,129.10934,16.1,126.0,357.34968493877494
2016,17.425539,127.78984,16.7,124.7,338.20919297875554
2016,17.402618,125.65607,17.3,123.2,260.9225940121216
2016,17.170088,122.583015,17.8,121.6,125.59933706044775
2016,18.023058,121.50426,18.3,120.3,130.90956243256076
2016,17.25696,119.68625,18.9,118.9,200.71209226232764
2016,19.439583,119.911476,19.8,117.5,255.73333898519073
2016,19.91192,118.369545,20.6,116.5,209.4962731242772
2016,20.029974,116.830124,21.8,115.7,229.16119335377786
2016,20.794409,116.34011,23.0,115.1,276.61350696654574
2016,21.394432,114.97092,24.200000000000003,114.9,312.05002365714824
2016,23.205173,114.37086,25.6,115.3,282.421763893326
2016,24.284422,114.979485,27.4,116.5,378.3690167997298
2016,26.9436,116.909424,28.700000000000003,118.8,269.637789495287
2016,28.659285,118.697,30.200000000000003,120.8,266.1301543500384
2016,30.184582,121.83814,30.5,123.1,126.06882376185597
2016,32.00804,127.02213,12.8,137.6,2393.117099743266
2016,13.53866,134.47908,12.9,137.4,324.0589420389687
2016,14.034922,133.0804,13.1,137.20000000000002,457.25972430859497
2016,14.435218,135.20921,13.5,137.20000000000002,238.664181390573
2016,14.412077,136.43526,14.0,137.3,103.86762521694438
2016,14.123749,136.67242,14.5,137.70000000000002,118.35600130910952
2016,13.864863,136.67113,15.0,138.3,216.09745094860193
2016,14.290736,136.46309,15.4,138.8,279.8249596669697
2016,15.138173,137.27895,16.0,139.20000000000002,226.99154247945796
2016,15.988387,137.50156,16.8,139.70000000000002,251.27911110171144
2016,16.59962,139.20117,17.3,140.0,115.25796187388895
2016,17.595627,141.32153,17.5,140.20000000000002,119.38003673232492
2016,17.431976,141.96637,18.1,140.70000000000002,153.29644421375878
2016,18.46343,142.02275,18.8,141.70000000000002,50.56802115055995
2016,20.241789,143.60968,19.5,142.6,133.98447868103992
2016,19.537514,143.15904,20.6,143.6,126.80227984278311
2016,18.308716,142.19032,22.3,144.8,520.568226083763
2016,20.98996,144.58928,24.200000000000003,145.8,377.9538868964731
2016,22.957357,149.08736,27.0,146.8,505.1603220990465
2016,23.729198,150.08333,28.6,147.6,595.5660094470618
2016,26.463923,152.3972,29.0,148.20000000000002,500.10720020067197
2016,30.671719,156.277,29.6,149.3,681.3257462126134
2016,33.045746,157.74925,31.0,150.5,720.0918696186754
2016,38.12241,160.7614,18.0,153.20000000000002,2355.0440850036234
2016,19.817503,156.92424,18.4,152.1,530.7832167827822
2016,19.734268,155.0266,19.0,150.8,450.8219917654898
2016,19.69198,153.92569,19.9,148.3,589.0086523518091
2016,19.513613,149.71786,20.700000000000003,146.9,322.44616102839313
2016,20.586836,149.73264,21.1,145.6,433.21602044027935
2016,21.061573,149.30595,21.6,144.70000000000002,480.7970509282456
2016,22.205866,147.99792,21.5,143.4,480.9537831483842
2016,23.520658,143.25879,9.7,153.8,1901.3891534730515
2016,9.639013,153.59499,10.4,151.70000000000002,224.08795685665615
2016,9.597396,148.60583,11.2,150.0,234.52870513805934
2016,10.471595,149.6371,11.9,148.20000000000002,223.16048646760572
2016,11.012601,149.0455,13.2,118.7,3306.2143527600583
2016,13.1881695,117.92032,13.8,117.8,69.26523329519806
2016,12.874772,116.949196,14.6,117.1,192.52711558169952
2016,13.638076,118.20392,15.3,117.0,225.72353297310923
2016,14.202139,117.01305,15.8,117.4,182.47010329801483
2016,15.418729,114.56779,16.400000000000002,118.0,382.8931086034716
2016,15.810256,114.575386,16.7,118.2,399.36637933597535
2016,17.032665,115.29925,17.0,118.4,329.7105995826606
2016,17.80903,117.78048,17.3,118.7,112.72488564636555
2016,17.57225,120.494774,8.6,138.9,2226.6228371304924
2016,7.3432574,137.25244,9.4,137.9,239.53667479191145
2016,8.196284,137.75154,10.2,136.5,261.74669332390795
2016,8.852717,137.34167,11.0,134.8,366.7438288344179
2016,10.628233,136.17513,11.8,133.20000000000002,349.6769150522574
2016,11.583918,134.21313,12.1,132.1,237.0198443980833
2016,12.212267,134.00854,12.6,131.1,318.79052464695167
2016,12.801317,131.78574,13.0,129.8,216.36091740051032
2016,13.521313,129.5798,13.1,129.0,78.30024638838691
2016,14.504363,128.46284,13.3,128.20000000000002,136.8913423444059
2016,13.934851,128.35202,13.5,127.5,103.9663828251927
2016,14.851377,128.07431,13.6,126.8,195.51592936191386
2016,14.849374,126.0306,13.5,126.0,150.07999863559445
2016,14.438883,126.21514,13.5,125.1,159.30570148684916
2016,14.645639,125.588974,13.5,124.0,213.53931417323136
2016,14.639281,125.36943,13.6,122.6,320.2167982412367
2016,14.310024,124.71034,13.7,121.4,363.53159147773295
2016,13.29101,123.018524,13.9,120.2,312.05673594260844
2016,13.046667,120.973206,14.4,118.7,287.98981442286356
2016,12.741701,118.89432,14.7,117.3,277.62041211707594
2016,13.268649,116.94772,14.9,116.2,198.51497749068395
2016,13.914085,116.83029,14.8,115.8,148.3966183768145
2016,14.466014,116.053925,14.3,115.4,72.81297470023628
2016,15.585746,114.32789,13.6,114.7,224.40611810590622
2016,15.582786,112.834366,12.8,113.4,315.38143099929476
2016,15.545781,112.42805,11.9,112.2,406.14039566583097
2017,12.198837,119.30897,13.9,116.9,322.28768229005766
2017,13.582629,118.11398,14.4,116.4,206.05741869376996
2017,14.105473,116.969025,14.9,116.6,96.86810714842979
2017,14.431603,114.71366,15.3,116.9,254.03688075144458
2017,15.323341,112.702736,15.9,117.1,475.2502798871551
2017,16.473835,113.154396,16.400000000000002,117.5,463.5256817741385
2017,16.823704,114.20656,16.900000000000002,117.8,382.4829728180989
2017,16.752403,117.139084,17.5,118.0,123.61130307396739
2017,16.74577,118.75901,18.2,118.1,176.16264078656562
2017,17.576372,118.4891,19.200000000000003,118.6,180.91825728099784
2017,18.105074,120.31863,20.200000000000003,119.6,244.86866944391883
2017,18.644136,120.45289,20.8,120.8,242.4587298679772
2017,19.528925,120.56326,21.700000000000003,122.1,289.5777737440256
2017,20.456522,120.678535,12.5,137.5,1997.8653295483882
2017,13.818402,137.28156,12.7,137.0,128.0397786414822
2017,14.426601,136.05676,13.0,136.70000000000002,173.1814489067367
2017,14.67339,135.07816,13.2,136.4,217.23443260623915
2017,14.080474,135.75308,13.3,136.1,94.53203760142905
2017,14.016054,134.62039,13.3,135.70000000000002,141.2344968978114
2017,14.387046,134.92526,13.5,135.0,98.96434947080728
2017,14.971322,135.71886,13.8,134.4,192.7219870817012
2017,14.859183,135.28593,14.4,134.3,117.72506019057525
2017,14.705896,134.99548,15.0,134.3,81.59089714806956
2017,13.99709,134.53392,15.9,134.6,211.7132407449734
2017,14.825215,132.14415,16.900000000000002,134.70000000000002,357.6987386976043
2017,15.634625,131.91655,17.8,134.8,390.1965474911923
2017,17.618944,134.22136,18.5,135.5,166.94145504021614
2017,18.043251,135.44025,19.0,136.3,139.76707780222267
2017,19.833704,137.39677,19.9,137.70000000000002,32.556109091605315
2017,20.695358,137.51735,20.700000000000003,139.20000000000002,175.02656309054743
2017,21.401073,137.74402,21.6,140.3,265.35578996217345
2017,21.79227,140.96042,22.9,142.0,163.10177501557672
2017,22.036777,142.42741,20.200000000000003,115.1,2838.2150851655274
2017,20.119284,115.58931,21.1,114.6,149.97893290121021
2017,21.594496,115.50363,22.0,114.5,113.00492209178711
2017,21.798378,115.87398,22.9,114.6,179.3602749792921
2017,23.421484,115.034744,23.9,114.8,58.333127971344815
2017,23.547405,113.76567,25.200000000000003,115.5,254.20616358493936
2017,24.683834,114.04475,26.200000000000003,116.4,290.4228250380344
2017,26.169317,115.59828,27.5,117.3,224.4994047126555
2017,26.893053,117.99815,27.8,124.9,689.0049655587034
2017,26.493338,123.58298,29.5,126.2,421.62128498268464
2017,28.341946,123.27099,31.3,127.7,539.116671198407
2017,30.35634,124.08776,32.9,130.3,652.4789176726431
2017,32.51846,130.54048,33.7,133.8,330.77924391288946
2017,34.27651,132.54744,34.1,138.20000000000002,520.2263605737894
2017,35.913136,136.73918,35.1,142.6,538.0727711373846
2017,37.525955,139.2134,36.0,146.0,627.7459821781915
2017,37.669823,145.3318,36.8,150.5,467.5804610404289
2017,36.114006,150.96538,38.2,155.0,426.12989614589765
2017,35.94006,156.64041,40.0,160.0,538.9058694325654
2017,38.538887,159.63583,42.5,165.0,631.8805192406822
2017,38.50123,159.90251,46.400000000000006,169.0,1151.051887861332
2017,39.22774,165.28896,18.1,108.4,5918.230901802274
2017,17.961292,109.32484,18.4,107.1,240.0473225803851
2017,18.214167,107.580414,18.5,105.7,200.98037179318501
2017,18.849712,106.819626,18.9,104.0,296.7188407147988
2017,19.101048,106.59366,19.0,102.3,451.41372318760295
2017,19.58564,103.97424,19.3,100.9,323.9032565226995
2017,19.594011,102.47084,19.700000000000003,99.9,269.4775520633228
2017,19.210945,101.09642,28.6,154.70000000000002,5503.982567387365
2017,29.426128,154.82121,28.700000000000003,153.8,127.94783317657105
2017,31.060116,155.466,28.700000000000003,153.20000000000002,341.4487896700723
2017,29.948332,153.88625,28.6,152.5,201.38392762975678
2017,30.003029,151.26617,28.5,151.9,178.08136263258427
2017,30.422325,150.73036,28.3,151.3,242.36159152094098
2017,30.271774,150.2015,28.200000000000003,151.20000000000002,249.91076548813484
2017,29.375801,151.07925,28.1,151.4,145.26851669079008
2017,28.813505,149.95345,27.5,151.70000000000002,225.04996391120164
2017,28.624594,149.46056,27.1,152.3,326.55991655073655
2017,28.159575,148.81255,26.8,152.9,430.60009455057514
2017,28.796316,150.90683,26.3,154.20000000000002,427.1087768993487
2017,28.896412,152.74489,25.9,155.60000000000002,436.37572856500606
2017,27.413122,153.52512,25.700000000000003,156.60000000000002,360.2873205292295
2017,27.586456,154.50943,25.9,157.5,351.1970547329831
2017,27.155516,155.30551,26.200000000000003,158.10000000000002,297.27860976429633
2017,27.194204,159.22726,27.0,158.4,84.68995983544244
2017,26.952269,160.36281,28.0,157.9,269.44147356527554
2017,26.632124,159.72337,29.0,157.10000000000002,368.60380479460224
2017,28.71104,159.86429,29.9,155.60000000000002,434.0707937710922
2017,28.643091,159.65575,30.4,154.10000000000002,571.8774959555235
2017,31.278301,158.51207,30.8,152.20000000000002,603.6368007866583
2017,32.597713,155.67871,31.0,150.6,511.7163221895353
2017,33.766186,154.2808,30.8,148.5,635.5219177434454
2017,33.731403,150.62769,30.4,146.9,510.41264866469004
2017,33.278076,149.1465,29.6,145.3,548.0193716733273
2017,33.15619,145.58994,28.8,144.4,497.48030141386005
2017,33.221016,144.82498,28.200000000000003,143.4,574.670687790244
2017,30.991077,141.39488,27.8,143.0,387.3940589588422
2017,30.323418,140.95282,27.200000000000003,142.6,382.61057453744417
2017,28.51852,139.44034,26.3,142.20000000000002,367.48368749086524
2017,28.058187,140.43802,25.3,141.9,339.3455163533536
2017,27.942139,139.41994,24.5,141.8,450.3698005092563
2017,28.617092,141.44041,23.9,141.6,524.7585792663292
2017,27.279501,141.41486,23.4,141.5,431.46623480291726
2017,25.44335,140.50241,22.9,141.4,297.1017716398612
2017,24.440376,140.14429,22.8,140.9,197.9834670101409
2017,24.373446,140.50676,22.8,140.4,175.2972979809768
2017,24.209785,139.94725,22.9,139.9,145.72131093634863
2017,24.068655,140.44337,23.0,139.3,166.45267045037298
2017,23.346455,140.33583,23.3,138.8,156.90626471968488
2017,23.822632,137.95723,23.6,138.3,42.785836013900216
2017,23.902407,137.8157,24.0,137.70000000000002,16.000371600753027
2017,24.330637,136.9256,24.5,137.20000000000002,33.564571385789094
2017,24.394514,136.59196,25.0,136.70000000000002,68.20593296699684
2017,25.777287,136.96005,25.4,136.4,70.10503277140165
2017,25.908667,136.22229,25.8,136.0,25.313537674585508
2017,26.685692,135.3252,26.200000000000003,135.6,60.54147478752343
2017,27.890816,135.69534,26.700000000000003,135.4,135.59061634865643
2017,28.312635,135.53152,27.4,134.9,118.96521149997815
2017,28.508192,136.198,27.9,134.1,216.42206325017963
2017,28.591679,135.34924,28.1,133.4,198.43492884084216
2017,28.846645,134.7884,28.3,132.4,241.018259485935
2017,29.984468,135.78539,28.5,131.4,456.34192462102
2017,31.217945,134.37164,28.700000000000003,131.1,421.5348564895313
2017,30.797937,132.1351,28.9,130.8,247.214509357434
2017,30.103985,131.38972,29.200000000000003,130.4,138.7469818102162
2017,29.850332,128.77092,29.6,130.20000000000002,140.7751112419502
2017,30.102835,127.477005,29.8,130.1,254.93972070293208
2017,31.090778,130.2176,30.0,130.1,121.81092529248923
2017,31.184921,130.36592,30.3,130.5,99.229681972643
2017,31.642015,129.90324,30.700000000000003,130.9,141.29688395274584
2017,32.73382,130.98428,31.1,131.4,185.86119099308783
2017,32.04784,130.88129,31.700000000000003,132.20000000000002,130.39120665228066
2017,31.531271,131.74019,32.5,132.9,153.4922392464239
2017,32.536335,134.15509,33.2,133.8,80.90546912501891
2017,33.04796,134.63098,34.0,135.0,111.25160293708946
2017,33.61013,135.78139,35.1,136.3,172.37008923204627
2017,35.75611,139.31996,35.9,136.9,218.75050177798227
2017,37.158493,139.80515,36.8,137.70000000000002,191.19413984874217
2017,37.455135,141.64056,37.7,138.20000000000002,304.40319545752
2017,38.574768,144.37839,38.5,138.6,502.5727282306641
2017,40.463314,146.41527,38.900000000000006,138.9,665.9660546259165
2017,39.08836,143.50516,39.3,139.3,363.11878921190686
2017,40.35233,144.89023,30.5,172.10000000000002,2683.6317141355
2017,29.759783,177.8819,30.200000000000003,170.70000000000002,693.3541951330803
2017,31.439598,177.70035,30.1,169.4,806.6856454245519
2017,34.707752,174.27061,30.3,168.3,743.8330701498797
2017,36.76467,171.44441,30.5,167.20000000000002,799.5542844954883
2017,30.72673,162.17497,30.700000000000003,166.4,403.89164738148554
2017,31.136679,165.88844,31.1,165.20000000000002,65.66252778079192
2017,31.458363,164.65181,31.5,164.4,24.323928460874058
2017,31.718748,163.79095,31.9,163.4,42.08297236859357
2017,32.5628,164.1183,32.6,161.70000000000002,226.61805025335352
2017,32.575996,164.25243,33.0,160.0,400.27219444861305
2017,33.492767,161.52888,33.2,158.3,301.6742593837253
2017,34.378777,162.10083,33.1,156.4,545.8892752734492
2017,34.58218,160.4492,32.800000000000004,155.0,541.6044971533867
2017,35.85597,156.19354,32.4,153.70000000000002,447.56577240399645
2017,35.686253,154.39005,32.0,152.3,453.0340544187086
2017,35.364532,152.55652,31.700000000000003,151.1,429.24312430272346
2017,33.847897,150.1789,31.200000000000003,149.8,296.56747123386674
2017,32.964092,149.98549,30.200000000000003,148.6,334.19043670826284
2017,32.17191,149.01051,29.200000000000003,147.70000000000002,353.4150029196635
2017,31.523056,147.19112,28.1,147.3,380.7718565399431
2017,31.717443,146.8505,26.8,147.5,550.4094937334829
2017,30.678978,145.28337,26.0,148.3,598.1284414760302
2017,28.698734,144.54427,26.3,149.1,522.4692288684163
2017,28.14564,144.15005,27.0,149.20000000000002,513.7471759561096
2017,27.216377,145.47049,17.6,111.4,3648.6071270292973
2017,17.872616,109.884384,17.5,111.4,165.82228834647364
2017,18.438921,110.95199,17.400000000000002,111.4,124.86884613346503
2017,18.366814,110.30356,17.2,111.4,174.09915250439315
2017,17.99197,110.57874,17.1,111.2,119.06098553870797
2017,17.80974,110.99441,17.0,110.9,90.59459625375372
2017,17.871956,111.42804,16.900000000000002,110.3,161.27191459552003
2017,17.78424,111.19183,17.0,109.6,190.09183491413248
2017,17.205004,111.31931,17.2,108.7,278.2240206952164
2017,17.162767,110.222404,17.1,107.3,310.6147381758319
2017,16.866772,109.46848,16.8,106.0,369.2221990172497
2017,16.943197,107.89985,16.3,104.9,327.5292041387734
2017,17.634848,106.77948,16.1,104.2,323.20749287103047
2017,18.003187,105.09955,16.1,103.7,258.68612090087913
2017,17.158981,102.97942,16.1,103.3,122.60691340018398
2017,16.727873,102.51776,16.2,103.0,78.03666605052481
2017,16.026844,102.053734,16.5,103.1,123.4558250597755
2017,16.204327,101.57121,16.7,103.5,212.9453619407123
2017,16.333675,101.37243,16.900000000000002,103.8,266.2134795658322
2017,16.353981,101.7598,17.1,104.2,272.7723586100561
2017,16.855122,101.81695,17.400000000000002,104.1,250.05427906571663
2017,17.697857,102.97752,17.6,104.0,108.88787032611297
2017,17.839106,104.98331,17.6,103.8,128.12418059122732
2017,17.806879,105.17285,17.7,103.6,166.98742520418563
2017,17.875404,106.1725,17.8,103.7,261.8458359969285
2017,17.778477,103.81838,17.900000000000002,103.8,13.652159089960552
2017,18.111086,103.75137,17.5,127.6,2523.993911959976
2017,18.348719,125.89102,18.0,127.4,164.06737832983532
2017,19.36825,126.59003,18.7,127.1,91.62401044968227
2017,19.544218,127.022514,19.4,126.4,67.20271727484585
2017,19.94416,127.09222,20.0,125.5,166.51408482798112
2017,20.001392,127.02363,20.5,124.8,238.50373184778573
2017,20.591415,126.48212,21.0,124.3,231.33592119378028
2017,21.895308,125.74852,21.700000000000003,123.6,222.8820172045616
2017,22.296587,123.483185,22.5,123.3,29.432324898987048
2017,22.602262,121.81776,23.4,122.8,134.07438713092188
2017,23.155283,121.794464,24.700000000000003,121.8,171.765860489873
2017,23.922308,122.25169,25.1,120.3,236.93217660224045
2017,24.99475,120.9561,25.700000000000003,119.3,183.97029360984624
2017,26.687931,122.73864,26.1,118.1,466.6008997840886
2017,27.652494,121.81175,25.8,117.5,475.14375030679906
2017,29.4535,119.3366,25.4,116.9,510.8271711110455
2017,26.708263,115.94381,24.8,116.6,222.1316372582007
2017,28.441422,116.88699,18.8,117.5,1073.8894176007348
2017,18.615799,113.83527,19.200000000000003,118.2,463.70601590849384
2017,18.42834,115.99184,20.1,119.4,403.13902317807435
2017,19.971355,117.48821,21.700000000000003,120.3,349.74680619220186
2017,20.311972,118.3491,23.200000000000003,120.5,390.45436283887653
2017,21.21314,119.28248,25.200000000000003,119.8,446.46105487068945
2017,21.462946,121.239746,26.200000000000003,119.0,573.8496337963736
2017,24.100565,124.73443,27.200000000000003,118.2,739.9519231490483
2017,27.331692,124.767845,27.9,116.9,777.6320383777521
2017,28.082958,122.96399,28.8,116.1,675.7425532390944
2017,29.48085,117.71949,29.700000000000003,115.8,187.19131369912316
2017,28.95624,117.20052,30.8,115.6,256.59478876631476
2017,30.495815,117.12185,31.3,115.6,170.52899801522946
2017,30.021984,114.210304,31.8,115.6,238.03784174001032
2017,31.727365,115.43976,32.2,115.7,58.00597904215989
2017,33.198315,117.05022,32.7,115.8,129.14673679298141
2017,35.157692,118.470894,33.2,115.9,321.4065799158774
2017,34.161694,120.28844,34.0,116.0,395.332275753272
2017,33.758427,120.11231,35.2,116.5,367.8359178794986
2017,33.266216,120.05539,36.4,117.4,424.4106927573278
2017,33.49405,119.462814,26.9,164.70000000000002,4374.63340674019
2017,27.894669,169.84923,27.4,164.20000000000002,559.1032143363868
2017,28.559643,166.11232,27.700000000000003,163.60000000000002,264.24651469654685
2017,28.598366,164.469,28.0,163.20000000000002,140.93438102430005
2017,28.788158,163.62608,28.3,162.8,97.24907877563965
2017,29.31425,163.22923,28.9,162.5,84.504280475146
2017,30.072437,162.28812,29.700000000000003,162.4,42.794857064303294
2017,29.717752,161.56442,30.9,162.60000000000002,164.81420026581898
2017,30.222599,161.98546,32.2,162.5,225.25537808785734
2017,30.479855,161.7029,34.1,162.20000000000002,405.24340497868945
2017,32.32811,162.29526,35.800000000000004,161.5,392.94088583611654
2017,34.394188,163.7482,38.0,160.3,506.3665602736179
2017,37.06728,166.41803,39.900000000000006,159.20000000000002,702.4990522751021
2017,38.74719,164.69809,41.8,158.60000000000002,618.5285129051251
2017,42.453865,164.26349,43.3,157.5,558.9366505851564
2017,42.70186,162.65645,44.5,156.10000000000002,564.3354590178808
2017,45.442963,160.10295,45.3,155.3,375.46490411685846
2017,47.063114,160.42645,45.7,154.70000000000002,464.5483583805364
2017,49.031666,162.58841,45.900000000000006,154.5,700.1358926840246
2017,48.910816,159.84941,46.2,154.5,501.8055112619144
2017,49.10507,156.55684,46.5,154.60000000000002,324.42510545361233
2017,49.511406,156.50845,46.400000000000006,154.20000000000002,386.2805259735532
2017,48.58826,155.10866,20.5,164.3,3229.273021027698
2017,21.094797,164.6733,21.0,164.10000000000002,60.42102765655964
2017,20.989483,162.29112,21.5,163.9,176.13831616553847
2017,22.690062,163.04791,21.8,163.8,125.64384896444275
2017,23.663012,163.90239,22.200000000000003,163.60000000000002,165.6005848179896
2017,23.39067,163.6988,22.6,163.4,93.08681167023924
2017,23.914467,164.43082,23.3,163.3,133.9528803986235
2017,24.192926,164.07468,24.0,163.0,111.17459030831424
2017,23.543304,164.15382,24.9,162.8,203.9704843864985
2017,24.211655,163.31325,26.0,162.4,219.08429611494148
2017,24.698696,162.99829,27.1,162.20000000000002,278.6943643503451
2017,26.931116,163.48415,28.5,162.4,204.50294142787232
2017,27.735437,162.61583,29.8,162.60000000000002,229.57439570179065
2017,29.656557,163.16917,31.4,163.3,194.26676520517913
2017,31.446215,162.23018,33.2,165.10000000000002,332.7625805235977
2017,32.873726,163.57018,35.2,167.5,444.94663085569096
2017,35.62072,166.8503,37.9,170.70000000000002,426.3661877840335
2017,36.15501,167.18091,40.3,173.9,745.8682509604163
2017,38.584007,169.62285,42.6,176.20000000000002,712.2416615290412
2017,40.34403,175.4984,20.4,121.5,5536.587327344749
2017,20.59085,122.223274,20.4,120.1,222.16689613570244
2017,21.787464,121.10927,20.5,118.8,279.0104766154797
2017,21.932789,119.82646,20.6,117.3,300.826141961503
2017,20.74488,118.6586,21.1,116.0,278.9365879081578
2017,20.530205,116.27768,21.5,114.5,213.7178908742694
2017,20.3244,114.62664,22.1,112.9,266.483782310389
2017,20.978952,113.13325,22.6,110.9,292.6668449397066
2017,21.107445,111.05863,22.9,109.2,276.48118888439325
2017,22.906414,110.7838,23.200000000000003,107.6,327.37577948421034
2017,22.775898,108.45595,23.5,106.3,234.68703233799064
2017,23.750525,106.94889,23.700000000000003,105.0,198.47009922143437
2017,23.554575,105.08582,23.6,102.8,233.00660169245222
2017,23.528946,104.367874,23.700000000000003,99.8,465.7607663427707
2017,23.85796,102.92229,17.5,119.9,1900.4916318696385
2017,16.003508,118.67939,18.1,118.4,235.003826800276
2017,17.485107,118.45576,19.1,116.7,258.073432802156
2017,18.701378,118.77188,20.700000000000003,115.1,443.98557449941444
2017,19.361927,116.44791,21.9,113.4,424.52798931761896
2017,20.13034,114.795,22.8,111.6,444.3005876129966
2017,20.21639,112.716,23.1,109.9,432.9848369628868
2017,21.976843,111.008995,23.4,108.4,310.92712405648905
2017,24.965433,110.61561,23.6,106.7,424.9001529780954
2017,25.350615,108.91415,24.200000000000003,147.4,3874.246990521707
2017,22.968489,148.2944,25.700000000000003,146.0,382.45560999552174
2017,25.085732,150.4181,26.700000000000003,144.20000000000002,647.3044249429361
2017,26.10506,149.66882,26.8,142.8,688.0787108830662
2017,27.105368,148.20561,26.9,141.4,674.5578453728796
2017,30.700312,145.92043,26.6,140.8,676.2330353695811
2017,30.819447,141.78763,26.8,141.8,446.94432140738803
2017,30.219423,139.01382,27.200000000000003,142.0,444.405811022388
2017,29.219395,139.20885,27.9,141.9,300.9905563750697
2017,29.460302,137.14487,27.700000000000003,141.6,476.9799350705546
2017,27.691084,138.82666,27.200000000000003,142.3,347.0589009743968
2017,29.18107,146.05699,27.3,143.1,357.26459732638455
2017,29.5406,144.3432,27.9,143.6,196.29363090406645
2017,31.421425,143.43109,28.5,144.0,329.4369481636387
2017,28.35682,141.63292,29.4,144.6,311.30084596597146
2017,27.711369,146.1253,31.3,145.70000000000002,401.1538246434722
2017,29.214077,146.81453,33.0,147.0,421.3459100902397
2017,31.40103,146.88078,35.2,148.1,437.34741292237726
2017,32.641365,148.07475,38.400000000000006,150.1,665.9934481049187
2017,35.154427,151.06047,41.6,152.70000000000002,730.7837712611862
2017,41.63449,156.7086,45.2,154.60000000000002,431.45701831105976
2017,41.89881,159.22345,47.8,156.60000000000002,687.8916147382503
2017,44.361774,159.31592,49.6,157.0,608.3046495561281
2017,48.39116,164.26666,50.400000000000006,158.0,505.31758304366167
2017,48.341873,166.73688,51.3,159.3,626.3246122531185
2017,51.94667,165.28912,52.0,161.0,293.81917061768434
2017,52.03894,169.70876,52.6,164.0,392.8927315535818
2017,52.604317,165.25838,53.0,166.8,112.58563367445161
2017,52.510548,168.44144,53.5,170.0,151.58507319989369
2017,53.68089,168.19862,53.8,172.8,302.849153086609
2017,52.75092,169.57295,53.6,175.8,425.46433910343876
2017,51.84846,175.49934,53.2,179.0,280.44349612297765
2017,51.978317,177.44366,21.1,117.3,6145.98769640379
2017,22.01769,117.52287,21.3,117.1,90.98580391500695
2017,21.885168,116.88197,21.5,117.0,44.53102498666898
2017,21.894413,116.3642,21.8,116.8,46.18771796848054
2017,21.965242,115.857666,22.0,116.6,76.64017307593846
2017,22.098917,115.61502,22.4,116.4,87.448978371502
2017,22.441372,116.39764,22.6,116.1,35.29533247190056
2017,22.65051,116.83139,23.1,115.3,164.65854414622447
2017,23.01908,116.37484,23.4,114.5,196.22531394239417
2017,22.900885,116.05694,23.700000000000003,113.5,275.8287845039297
2017,23.855032,116.16405,20.3,120.8,619.9445724427741
2017,17.908524,120.765205,20.4,120.4,279.6826121466459
2017,20.790041,123.04208,20.700000000000003,120.0,316.48739535240395
2017,24.00616,123.212135,21.700000000000003,120.0,417.2081415804877
2017,21.87731,118.20488,22.200000000000003,119.3,118.43973597571245
2017,21.875591,115.889114,22.8,118.9,326.27651183177716
2017,22.39346,118.07385,23.700000000000003,119.1,179.24794203720933
2017,22.64824,118.181305,24.5,119.6,251.5945027361639
2017,25.276388,121.51279,18.1,136.1,1703.629437343068
2017,18.018183,135.23283,19.0,134.70000000000002,122.78155344514253
2017,18.594765,135.90622,19.8,133.20000000000002,314.1903646659393
2017,18.690922,133.79694,20.5,131.70000000000002,297.8456987974261
2017,20.200544,132.7091,21.3,130.5,260.2088003334433
2017,21.634924,131.74605,21.9,128.8,305.647572239734
2017,22.781296,130.06917,22.6,127.8,233.6598489107188
2017,23.398525,128.59753,23.5,126.8,183.715294898388
2017,23.890366,127.25152,24.200000000000003,126.1,121.89508009169177
2017,25.303265,127.45475,24.9,125.8,172.5492372892606
2017,24.876495,124.48445,25.6,125.4,122.2781059166389
2017,26.512617,125.75876,26.0,125.0,94.73227325155862
2017,28.051308,125.69315,26.6,124.5,199.8359008153863
2017,28.502645,126.30338,27.1,124.1,267.00132755744306
2017,29.651415,128.1017,27.3,124.2,462.33149826207915
2017,29.926332,127.32572,27.700000000000003,124.3,384.91739165867114
2017,28.926758,126.036125,28.0,124.5,182.11813584062466
2017,29.822414,124.80558,28.4,124.9,158.43122403157605
2017,30.145638,124.5343,28.700000000000003,125.3,177.02820411732452
2017,29.308065,127.42495,28.9,125.7,173.62006048563495
2017,30.091774,127.388,29.4,126.1,146.21509256191294
2017,29.468016,127.67154,29.4,126.7,94.38927836773706
2017,30.69328,129.47322,29.8,127.6,205.52705389185036
2017,30.58447,130.00365,30.1,128.6,145.07090181688886
2017,30.09601,129.96893,30.8,130.20000000000002,81.35357598324426
2017,31.946217,130.74509,32.300000000000004,132.0,124.55221798621669
2017,29.80524,131.36136,34.6,134.70000000000002,618.7064998676261
2017,32.870697,134.80475,37.4,137.8,572.4810471294412
2017,32.574463,136.71645,40.900000000000006,139.4,956.002492331102
2017,35.246826,141.11958,44.0,141.9,975.5886940426
2017,39.991726,146.04294,46.5,143.1,761.7838860304267
2017,44.430305,153.40643,48.400000000000006,143.70000000000002,864.2250683580186
2017,46.22939,155.57812,49.900000000000006,144.20000000000002,937.5674710271554
2017,49.72771,151.80725,50.7,144.6,523.8864537350705
2017,50.664684,157.71329,51.3,145.0,891.654128864248
2017,52.00703,155.54167,51.7,145.4,696.8226247798995
2017,53.236736,155.6403,52.1,145.8,674.9078851034662
2017,53.332478,154.19344,52.6,146.1,547.8052121811743
2017,52.461704,151.8947,53.3,146.20000000000002,393.2205003708907
2017,51.80906,150.3274,53.8,146.20000000000002,354.85104184015285
2017,50.82233,149.29465,54.5,146.4,453.05339336833725
2017,51.10558,149.44128,55.3,146.6,503.22337777909104
2017,52.57235,150.19658,55.900000000000006,146.6,437.5254431917235
2017,54.624603,151.00662,56.400000000000006,147.3,305.6014427917482
2017,54.838787,150.2981,56.900000000000006,148.0,270.31375378035233
2017,56.95612,152.76093,14.8,117.2,5558.016743475412
2017,16.834682,119.86982,15.3,116.0,447.30557836213677
2017,16.538301,116.13122,15.6,114.6,194.04513719601886
2017,15.348556,114.774994,15.8,113.5,145.50056505474683
2017,15.717581,113.17637,16.1,112.4,93.27818843927031
2017,15.876901,112.38678,16.400000000000002,111.2,139.47098532664285
2017,17.225788,111.063835,16.900000000000002,110.0,118.74667636747527
2017,16.984465,109.30753,17.400000000000002,108.9,63.31697740291286
2017,17.143408,108.78837,17.8,107.4,164.3617708419314
2017,17.591253,107.65743,17.900000000000002,106.1,168.47315042188396
2017,17.749641,106.24721,18.0,104.6,176.52823891857915
2017,18.61169,105.13401,18.2,102.7,260.8502167313968
2017,19.03083,104.33103,18.6,101.3,322.5975089087906
2017,18.80731,102.06435,19.5,100.1,220.23905575760077
2017,18.342867,101.1218,17.400000000000002,119.2,1915.298292237849
2017,19.58241,119.021255,17.2,118.8,265.9388871789762
2017,19.152674,118.18904,17.2,118.5,219.59859686757827
2017,19.074327,116.525734,17.3,118.3,272.1272113157212
2017,17.46316,115.516945,17.7,118.0,264.51825127225135
2017,16.684174,114.04089,18.6,117.6,433.12431617568666
2017,17.004936,115.62734,19.5,116.6,295.83784654120575
2017,17.134703,116.35776,20.0,114.9,353.715414467012
2017,17.847414,117.290245,20.5,113.5,495.39765748683095
2017,19.17519,117.48488,20.700000000000003,111.8,617.9079721370011
2017,21.666187,117.29039,20.700000000000003,110.7,691.636912918159
2017,21.953232,114.25643,20.1,109.9,496.86403752572227
2017,20.696014,110.00709,20.3,109.4,77.05326206740807
2017,21.705446,109.20938,10.1,132.4,2789.8028678263613
2017,12.880755,131.8127,10.5,132.3,269.9928596294983
2017,12.733563,129.94167,10.9,132.4,336.37808736967384
2017,11.05812,129.87282,12.0,132.5,304.79014252675387
2017,10.649301,129.67136,13.0,132.20000000000002,379.53735610344773
2017,10.845801,129.21284,14.0,131.4,423.5626152800676
2017,12.857318,131.06923,14.6,130.70000000000002,197.83917167093932
2017,13.423952,131.89069,15.3,130.20000000000002,276.91383169077363
2017,16.799341,132.01498,16.2,130.1,214.76807736593352
2017,16.531197,130.18318,17.0,130.0,55.65754368543228
2017,17.354847,128.19077,17.900000000000002,129.9,191.00713591460533
2017,17.343433,128.12225,18.8,130.0,256.18269804458924
2017,18.489182,128.54008,19.700000000000003,130.0,204.10412899379904
2017,20.381779,130.92424,20.3,130.20000000000002,76.05555824022986
2017,20.865038,131.26419,20.8,130.70000000000002,59.07812294085575
2017,22.150154,131.50876,21.3,131.20000000000002,99.76807161510331
2017,23.42727,133.72566,22.3,132.0,216.72895848075552
2017,23.965544,132.84221,23.8,132.6,30.745709178514144
2017,23.486885,133.79337,25.5,133.20000000000002,231.75967949341972
2017,23.73081,135.68864,27.8,133.70000000000002,494.32945211334356
2017,24.201994,136.0734,29.8,134.5,641.6656490163722
2017,27.641901,139.50623,32.1,136.20000000000002,589.2863883659713
2017,31.813099,141.09683,34.800000000000004,138.1,433.38758049432903
2017,34.798542,142.78711,37.2,141.4,294.73720202162804
2017,39.238014,144.93599,41.0,146.20000000000002,223.46229922353865
2017,39.797565,147.55379,42.6,150.3,387.11535085363687
2017,41.488525,153.11548,44.0,155.4,335.8111388880175
2017,43.953514,155.56247,13.2,141.9,3659.220743256741
2017,10.547835,146.705,14.0,139.6,862.0141397347877
2017,10.526279,143.21373,13.6,136.9,766.8251025923128
2017,14.461826,140.44362,14.3,135.8,500.4832571122191
2017,16.138113,137.2269,15.5,135.3,218.01454492676743
2017,17.423826,135.03357,16.6,134.5,107.7508863186145
2017,16.78065,132.22037,17.1,133.5,140.67010452284302
2017,14.20057,128.96141,17.7,132.6,550.1685333171882
2017,17.47345,130.37013,18.6,132.1,221.68132425428084
2017,19.92068,133.19199,19.6,131.20000000000002,211.48232318646376
2017,20.410395,132.64748,20.4,130.4,234.2276750479581
2017,19.610569,131.48143,21.5,129.8,273.4648640935424
2017,20.536936,130.7375,22.6,129.0,291.38067310446223
2017,22.53636,131.94998,23.700000000000003,128.3,395.0399275072538
2017,23.502115,130.29272,24.200000000000003,128.20000000000002,226.53036576876525
2017,24.090544,130.11697,25.6,128.0,271.65357417899935
2017,26.375097,131.30571,27.1,128.4,299.59125284100134
2017,27.412518,130.48721,28.4,129.3,160.2056147644391
2017,28.880276,130.84482,30.0,130.4,131.7478806976248
2017,28.316706,132.53447,31.200000000000003,132.9,322.5431865736814
2017,32.193222,134.08986,32.300000000000004,135.6,142.51436655987612
2017,34.76729,139.71658,34.300000000000004,140.0,58.08481944065925
2017,35.18437,142.87375,12.5,117.5,3586.7493675352985
2017,13.142114,116.30287,12.9,116.8,60.210819451623166
2017,12.719762,115.17436,12.9,115.5,40.599596523586534
2017,13.028604,114.64119,12.7,114.3,51.99126106478313
2017,13.533613,114.17459,12.7,113.5,118.02081507662557
2017,14.126886,114.51299,12.8,112.7,245.36643076435215
2017,14.424733,113.9801,12.9,111.6,308.0171715035666
2017,12.913113,111.092926,12.8,110.3,86.87433870691022
2017,12.313391,109.60409,12.6,109.1,63.33494577689258
2017,12.6399765,109.54887,12.5,108.0,168.81696679610073
2017,13.098571,108.99603,12.5,106.4,289.25245821997436
2017,13.167431,107.47261,13.3,105.5,214.0273874907646
2017,12.567528,105.42119,14.0,104.6,182.39670054509403
2017,11.800155,104.26706,14.2,120.3,1757.03680797177
2017,14.560836,118.89438,15.0,119.2,58.858858844102066
2017,14.562398,118.385254,16.0,118.3,160.11561409985185
2017,15.032593,117.73258,16.8,117.7,196.5578723126987
2017,15.741151,117.09634,17.2,116.9,163.56217341407014
2017,15.668589,116.26466,17.7,115.9,229.19771137001746
2017,17.31836,116.160194,17.900000000000002,114.9,148.395761574729
2017,18.781313,116.69326,17.900000000000002,114.2,280.8047867952111
2017,19.292799,117.264275,17.8,113.5,430.128509516052
2017,18.490763,115.86874,17.8,112.9,322.9533507360827
2017,18.988503,114.11596,17.6,112.3,246.15339984903676
2017,18.395874,112.66588,17.5,111.8,135.32591206914486
2017,17.324137,112.29783,17.5,111.2,118.10931516083062
2017,16.66755,111.300125,17.5,110.6,118.76741766277604
2017,16.432514,110.78925,17.400000000000002,110.0,136.46637848139
2017,15.921271,110.34761,10.8,111.7,587.9409205995257
2017,11.8707485,112.09757,10.7,110.7,200.4283915232698
2017,12.754556,109.97066,11.3,109.3,177.42349354080048
2017,12.515097,108.05945,12.0,107.8,63.838314892575326
2017,11.443513,108.7161,11.7,127.7,2067.820185010985
2017,11.165839,126.649796,11.8,127.7,134.42035292035743
2017,10.931365,126.71951,11.9,127.6,144.2590842646182
2017,11.9675865,126.678406,12.1,127.0,37.94679339824865
2017,11.636629,127.72852,12.1,126.3,163.76509677765566
2017,11.524718,127.23393,12.2,125.7,183.0331253159884
2017,10.906862,127.18292,12.2,125.2,259.4986503021904
2017,11.441929,126.54514,12.1,124.7,213.7687429701644
2017,12.310819,124.56208,12.1,124.1,55.421443141401966
2017,12.171331,123.53118,11.9,122.6,105.66544747697233
2017,12.300901,123.028275,11.4,121.5,194.1521904596665
2017,11.825457,123.15455,10.9,120.6,296.8864679713251
2017,11.50381,122.29579,10.5,119.6,314.70373060080755
2017,11.413703,121.59797,10.3,119.0,309.5550900859539
2017,10.716853,117.14876,10.2,118.0,109.39405912485503
2017,10.185586,117.02182,10.1,116.9,16.38189452313677
2017,9.92642,116.441986,10.0,116.2,27.736065945700044
2017,9.651369,115.25159,9.6,115.5,27.82599773891974
2017,9.858639,115.65613,9.0,114.8,133.92098092888705
2017,9.725361,113.84411,8.5,113.9,136.39221025513422
2017,9.631353,112.27504,7.9,113.1,212.79509750761747
2017,9.641964,112.62403,7.5,112.4,239.44612670223785
2017,8.822983,112.25259,7.1000000000000005,111.7,201.01843028624688
2017,8.115358,111.47676,6.800000000000001,110.8,164.19399897151243
2017,7.8629456,110.00177,6.7,110.0,129.3139759053629
2017,7.144488,109.47644,6.5,109.2,77.8925118384995
2017,7.083559,108.87011,6.4,108.4,92.04424338930644
2017,6.8059907,108.19926,6.0,107.5,118.33224488812138
2017,6.753077,106.78402,5.6000000000000005,106.7,128.55247934121078
2017,6.883582,106.15396,5.300000000000001,105.9,178.31122604530242
2017,6.501061,105.65619,4.7,105.2,206.53358864635564
2017,6.6293287,104.8186,4.2,104.6,271.211003918787
2017,5.9072223,103.88544,7.800000000000001,125.5,2395.205860930668
2017,8.852214,125.17885,7.9,123.9,176.07555756093862
2017,8.440309,124.32226,7.9,122.4,219.9400336555787
2017,8.202631,122.59115,7.9,121.3,146.08265784460264
2017,8.003125,121.35967,7.7,120.3,121.49467979478274
2017,8.229591,120.05844,7.6,118.9,145.5301293864045
2017,8.629729,117.37536,7.7,117.5,104.28760937362378
2017,8.4737835,116.04389,8.1,116.0,41.84254483478648
2017,8.455961,115.67295,8.200000000000001,114.7,110.7655017810883
2017,7.8487515,115.565605,8.200000000000001,113.2,263.379379907341
2017,8.03169,113.089455,8.3,112.1,112.91951520461446
2017,8.675681,111.651634,8.3,111.0,82.95115994299941
2017,9.662287,110.09402,8.3,109.9,152.9710004271953
2017,9.291031,109.13893,8.4,108.8,105.84532359134262
2017,8.744609,106.99133,8.6,107.5,58.18075126121077
2017,9.188784,106.86452,8.5,106.1,113.67406189638697
2017,8.691381,106.01725,8.5,104.9,124.66691733922464
2017,8.591774,105.09459,8.4,104.3,89.94903948870447
2017,8.606232,104.61155,9.4,124.5,2185.744168389832
2018,9.575416,118.72257,10.4,116.0,311.9254095305361
2018,9.246098,116.380264,10.9,114.8,252.48988485679106
2018,9.095023,114.944916,11.2,113.3,295.2927531932786
2018,10.099934,113.328835,11.6,112.2,207.4089507773827
2018,10.315763,111.19564,12.3,111.0,221.66605666100185
2018,11.244782,110.88854,12.2,109.9,151.21277130134538
2018,11.817496,110.41487,7.1000000000000005,131.9,2413.161766596637
2018,7.137335,131.50607,7.0,130.70000000000002,90.25140789858241
2018,8.052921,129.14693,7.5,128.8,72.39437688716464
2018,8.741786,128.00665,8.4,127.4,76.77051533818346
2018,8.509898,126.92513,9.0,126.3,87.6915839871893
2018,7.652844,126.86469,9.2,124.7,293.7456312671686
2018,7.4534802,125.671936,9.0,123.2,321.82619954622453
2018,9.216759,122.23991,8.8,122.0,53.30775500162088
2018,10.88967,122.595955,7.5,120.8,425.3406933759223
2018,11.001522,122.27672,6.6000000000000005,120.3,535.4400976862252
2018,10.373527,119.36755,6.7,120.1,416.34001427938784
2018,9.281932,118.435165,7.2,119.8,275.95042830077296
2018,8.921988,117.55434,8.1,119.6,242.81952592703038
2018,6.3594265,117.020515,8.700000000000001,119.2,354.19040905568255
2018,6.1899056,116.93083,9.0,118.4,351.92725793804965
2018,7.941823,117.94963,9.2,117.5,148.38100898534148
2018,9.105561,118.30962,9.6,116.1,248.58784353843012
2018,10.669494,118.408226,10.0,115.6,316.08370731915176
2018,10.57234,118.21985,8.6,136.0,1961.4342345351245
2018,9.326869,134.90501,9.2,135.3,45.58548795293395
2018,9.422589,134.66734,9.5,135.1,48.2292147592426
2018,9.623096,133.81389,9.8,135.1,142.32563298790905
2018,9.8910055,133.22919,10.4,135.1,212.44912950693893
2018,10.976157,132.84843,11.5,135.20000000000002,262.99868923022024
2018,11.687649,132.68686,12.5,135.20000000000002,287.7868329341487
2018,11.40729,134.26997,13.6,135.20000000000002,263.892545331741
2018,11.257133,135.45186,14.5,135.20000000000002,361.622624661891
2018,12.5605135,135.81102,15.2,135.3,298.63592947924656
2018,15.672916,137.39526,15.3,135.4,217.79116281753247
2018,16.408428,137.23938,15.3,135.6,214.3352387986885
2018,18.115047,137.46466,15.4,136.1,335.0379299464908
2018,18.287495,138.36807,15.6,136.8,342.222664173838
2018,18.486502,139.44576,15.7,137.3,384.70880859267334
2018,16.258884,138.58176,16.2,138.1,51.84932582225819
2018,15.864852,136.4448,16.8,139.0,291.8107618402097
2018,17.133217,139.08482,17.6,139.8,91.94904435706914
2018,17.790852,141.21404,18.2,140.8,63.143233245738664
2018,17.165174,140.83359,18.7,141.4,180.87837773687954
2018,19.733994,143.12775,19.0,142.1,135.22124737251684
2018,20.82317,145.31952,19.1,143.20000000000002,292.88102454146025
2018,21.964428,145.81598,19.200000000000003,144.5,336.5264657191107
2018,21.730846,148.14334,19.6,145.8,339.95464485537116
2018,21.049816,146.39783,19.5,146.5,172.66111792974704
2018,21.905882,146.71526,20.0,145.70000000000002,236.69663578362335
2018,22.189344,145.50433,20.3,145.0,216.48940902680621
2018,20.22432,145.68379,20.700000000000003,144.5,134.18978102815504
2018,20.918163,145.36125,21.5,144.4,118.80680710475883
2018,21.04394,144.66347,22.4,144.3,155.39109139754476
2018,22.51209,142.99092,23.5,144.4,181.28932377899758
2018,22.410427,142.69736,16.1,110.5,3444.8016077404855
2018,18.2603,109.571106,16.6,110.6,214.46941410616714
2018,17.374567,110.00937,17.3,111.1,116.05943209079666
2018,17.389221,110.03036,18.6,111.4,197.75177741645027
2018,17.45525,110.31387,19.700000000000003,111.1,262.99639700596856
2018,17.602156,111.1366,20.5,110.8,324.1617718457351
2018,18.598408,111.64018,20.5,110.2,259.7708279526449
2018,19.809568,113.40288,20.0,110.3,325.09841560914833
2018,22.67994,113.34941,19.9,110.8,406.5693809470504
2018,22.441114,110.5964,20.200000000000003,111.1,254.60133679633682
2018,23.066608,110.26606,20.700000000000003,111.3,283.95405536892
2018,21.246006,109.639366,21.1,111.5,193.60754027905125
2018,20.068117,112.05101,21.5,111.8,161.34238043899964
2018,20.661427,113.07965,22.200000000000003,112.0,204.34342071898024
2018,21.361189,112.1002,22.8,112.2,160.31886001167706
2018,22.294128,112.28654,23.200000000000003,112.4,101.39821332487138
2018,22.756931,112.68202,23.6,112.7,93.76310421643666
2018,23.294643,114.18421,23.700000000000003,113.2,110.02086565139726
2018,24.722755,114.54449,23.5,113.6,166.35731028032438
2018,24.910378,115.14467,23.1,113.8,243.264218410841
2018,24.619186,115.18303,22.700000000000003,114.2,235.719850717212
2018,24.939863,116.07959,22.4,114.9,306.90173434028895
2018,24.105322,117.14426,22.5,116.3,198.23384049425025
2018,23.016356,116.27161,17.7,127.6,1319.9257560458648
2018,18.290173,126.23732,18.8,127.1,107.16641939913083
2018,18.61749,127.71667,19.700000000000003,126.7,160.90938050394448
2018,19.961689,126.56197,20.4,126.7,50.822398800380746
2018,19.93612,126.69538,21.5,127.0,176.7580661447647
2018,20.561214,127.08364,22.200000000000003,127.6,189.90562275201867
2018,23.082403,125.58288,22.8,128.1,259.6559075875911
2018,23.648495,125.689,23.5,128.9,327.65816919417097
2018,24.208857,128.49309,25.0,130.6,230.45335926752412
2018,26.535278,130.73035,26.3,132.3,158.4846791260075
2018,25.772448,132.61955,27.700000000000003,134.20000000000002,265.6461897823336
2018,26.18479,132.39459,28.9,136.4,497.02989054740624
2018,27.21575,134.7995,30.5,138.8,533.9071495394545
2018,31.862179,140.90306,32.6,141.3,90.13797671057408
2018,32.49798,143.23296,34.6,144.6,265.85099322815046
2018,33.985382,145.95859,36.5,147.70000000000002,321.22104268497964
2018,33.9838,149.38095,38.0,149.8,448.1686853205784
2018,36.247456,151.97873,38.8,152.1,284.0317140002967
2018,39.258823,154.15887,24.5,123.6,3295.8747740421313
2018,23.94598,123.46678,25.5,125.1,238.88983850643305
2018,23.494892,121.99475,26.4,127.2,616.1394383151069
2018,23.519392,121.09959,27.0,128.8,865.4338135521558
2018,26.744587,129.5462,27.3,130.5,112.87312655541085
2018,29.72356,133.70035,27.8,131.4,309.867414058279
2018,30.032362,133.94415,28.5,132.1,247.04068355013334
2018,30.436228,138.0654,29.4,132.70000000000002,529.7239885639704
2018,29.851046,137.95233,30.0,133.5,429.36345639339135
2018,29.43737,139.9233,30.5,134.20000000000002,563.7628120951076
2018,29.982775,137.3429,31.0,135.3,226.0684897462455
2018,31.048302,136.94186,31.700000000000003,137.20000000000002,76.4972514905503
2018,32.82063,137.34474,32.0,139.0,180.19453642772083
2018,32.94014,139.58807,32.6,141.6,191.87293201515618
2018,33.213287,140.24055,33.7,144.0,352.9182064273045
2018,33.74579,143.00896,34.9,146.3,328.324925600958
2018,35.454872,148.37294,35.800000000000004,148.20000000000002,41.4375705540673
2018,34.26643,149.63644,36.1,150.20000000000002,210.21717522318417
2018,36.229233,154.67703,36.6,151.0,331.5849282164821
2018,38.384953,156.10475,37.3,151.70000000000002,405.1129529978177
2018,39.500935,157.69728,20.8,129.6,3384.3233728706127
2018,20.565102,127.82605,21.200000000000003,129.20000000000002,159.24387780754614
2018,20.561903,128.81464,21.700000000000003,128.8,126.55989532107569
2018,21.173094,128.91223,22.8,128.20000000000002,195.24001132681948
2018,22.327522,129.55551,23.700000000000003,127.6,251.67836238665294
2018,23.754065,129.05363,24.5,127.1,214.90505671530372
2018,23.593605,127.85791,25.3,126.9,213.08080571228805
2018,24.341293,127.436714,26.200000000000003,126.8,216.36705196494034
2018,27.151114,126.387596,27.200000000000003,127.0,60.82257582773771
2018,27.694775,125.7102,28.200000000000003,127.2,156.75046585880574
2018,28.535889,126.05567,29.5,127.6,184.502057813986
2018,29.747396,127.59612,30.8,127.8,118.67044649762981
2018,30.844969,128.3113,32.0,128.1,129.98916951654746
2018,32.316193,131.3272,33.300000000000004,128.70000000000002,268.7886182830405
2018,33.2474,131.75966,34.4,129.6,237.11101922698674
2018,35.569344,133.27039,35.7,131.0,205.692031399028
2018,36.664356,133.2764,37.3,132.5,98.74995674568007
2018,37.3755,134.53897,39.6,134.9,249.34070628300432
2018,38.892155,136.30286,40.6,136.8,194.60138342639155
2018,38.981598,138.73021,40.900000000000006,138.3,216.4460962779025
2018,40.71698,142.21292,41.3,139.5,236.678427956433
2018,42.72411,143.82947,41.7,140.5,296.88657464630614
2018,46.081215,148.87405,14.2,144.1,3573.0767188390387
2018,13.805392,143.87799,14.6,143.3,108.11444826731474
2018,14.451208,144.58716,14.8,142.70000000000002,206.7130572138672
2018,15.809397,143.84312,15.4,142.3,171.41761613172457
2018,16.49203,141.37845,16.0,142.0,86.00056843318582
2018,17.6665,139.92714,16.5,141.6,220.0865547780044
2018,17.209797,139.57062,16.7,141.20000000000002,182.33856312708082
2018,17.013609,140.00627,16.900000000000002,140.9,95.89339630686467
2018,18.90365,140.91066,17.2,140.70000000000002,190.7420848716009
2018,19.583267,141.43575,17.6,140.6,237.46690071766912
2018,19.633907,140.59866,17.900000000000002,140.3,195.34902328460066
2018,18.730587,140.13643,18.4,139.70000000000002,58.88610589881001
2018,18.644684,140.15472,19.0,138.9,137.8412255964585
2018,19.329115,140.41612,19.8,137.8,279.0572775748666
2018,20.325815,140.9446,20.5,136.6,453.1614249756717
2018,20.187513,139.66313,21.1,135.1,485.5157542401154
2018,21.096235,137.50671,21.8,133.6,411.8136690422624
2018,22.015896,135.53807,22.4,132.0,366.71811541970266
2018,23.471508,133.18433,22.9,130.4,291.60043506537994
2018,24.049122,131.7082,23.4,128.8,304.71407978590474
2018,24.078793,129.22765,24.0,127.3,195.94808790289756
2018,25.154013,127.84915,24.700000000000003,125.6,232.34449422908023
2018,25.394215,125.942024,25.3,124.1,185.40053235811973
2018,25.671368,124.452126,26.1,122.3,220.50484704019777
2018,26.182005,122.89856,26.4,120.2,270.11116718356334
2018,27.121712,121.86554,26.5,118.4,350.79161202253744
2018,27.947224,119.712715,27.1,117.0,283.59578356989994
2018,28.561747,118.8399,27.9,115.6,325.81231327554656
2018,29.56643,116.50637,28.6,114.4,231.17458009571948
2018,28.135788,113.59962,29.200000000000003,113.6,118.33515235739485
2018,27.75347,113.27823,30.0,113.1,250.40507393310986
2018,29.762629,113.33702,31.0,112.7,150.54772996250605
2018,30.911255,112.41257,32.4,112.5,165.74783897949388
2018,31.693247,112.48811,18.8,109.5,1464.606589649
2018,21.150581,110.45851,18.7,108.0,374.5543003781824
2018,19.827904,109.213356,18.7,106.7,292.11084291639503
2018,19.123146,107.90889,18.9,105.6,243.99586781558395
2018,19.542046,105.305466,19.1,104.4,106.97382303757796
2018,18.999847,103.7447,19.4,103.4,57.35851583692197
2018,18.53475,102.9597,19.4,102.8,97.66620441185346
2018,18.604813,101.99153,19.700000000000003,103.4,191.61742751562542
2018,19.443512,101.70265,19.9,103.8,225.3913678491089
2018,19.585173,100.32393,20.200000000000003,104.2,410.99746248121585
2018,20.17339,100.07562,20.3,104.7,482.6563958434623
2018,19.448357,100.82577,20.200000000000003,105.2,465.12193399130666
2018,20.9553,105.08746,20.1,105.6,109.05756207857206
2018,20.52005,105.61899,19.9,106.0,79.58843140835505
2018,21.18511,106.247406,19.700000000000003,106.4,165.90048636558916
2018,20.407593,107.24003,19.4,107.1,112.99182128322629
2018,19.924269,107.351265,19.200000000000003,107.7,88.43644012305141
2018,19.865852,106.80884,19.0,108.3,183.62585615025012
2018,19.155123,106.94833,18.9,108.8,196.7016808119879
2018,18.871792,107.08976,19.4,109.4,249.6958690920746
2018,18.889183,109.158844,20.0,109.8,140.62655129077447
2018,19.026054,109.30102,20.4,110.1,174.16955951588236
2018,18.985073,109.939514,20.6,110.3,183.4896861927527
2018,18.96364,109.95924,21.1,110.4,241.97330496766932
2018,21.593544,110.35395,22.0,110.1,52.250483812807104
2018,22.00341,110.44545,22.6,109.1,153.4909086628524
2018,22.016964,110.77735,23.0,108.3,276.9603814966329
2018,21.37565,111.36295,22.6,130.8,2007.3030200482588
2018,22.46487,133.35028,23.1,130.5,300.616983827477
2018,23.970123,135.56139,24.3,130.1,555.3697635249946
2018,24.343718,131.67323,25.3,129.3,262.04896832813233
2018,24.289104,128.81888,26.700000000000003,127.9,283.4963096179807
2018,24.947979,128.98004,27.700000000000003,126.6,387.15466905661583
2018,25.823528,129.13802,28.8,125.5,488.5403414278623
2018,29.174913,129.20216,29.700000000000003,123.9,516.7177132981801
2018,29.422258,127.12135,30.700000000000003,122.9,430.346385733783
2018,31.283232,124.33863,31.8,121.7,256.56529051104775
2018,31.698381,123.75214,32.6,120.8,295.4443322950033
2018,33.53824,123.671196,33.4,119.8,359.38868735755426
2018,33.49059,120.739334,34.2,119.1,170.71105807381198
2018,35.454453,122.038826,35.1,118.6,314.6245029096982
2018,36.56135,120.78311,36.4,117.9,258.38484651409647
2018,36.843243,121.00823,37.6,117.1,356.1071422665355
2018,37.345016,119.760864,38.8,117.2,276.4337937158079
2018,38.174908,120.273155,39.900000000000006,118.3,256.5750474429676
2018,39.35013,120.72651,41.7,119.4,284.3227940407832
2018,41.40887,120.55652,43.900000000000006,121.1,280.5423494519387
2018,42.11933,120.00797,45.400000000000006,124.6,518.5601865790925
2018,43.55557,125.436874,46.6,127.5,375.25508961692975
2018,44.058968,130.18942,47.2,131.0,354.9030915518417
2018,46.58496,131.01836,48.1,135.20000000000002,357.215993880406
2018,48.023514,134.45543,48.8,137.4,233.83643896169212
2018,45.94214,141.98035,49.400000000000006,139.8,417.6747904802284
2018,48.34158,143.6083,25.1,123.5,3124.1503174547497
2018,22.762705,125.366425,26.5,123.5,456.3620387486871
2018,25.143667,127.52409,28.3,123.5,531.8189213864804
2018,26.999193,128.17537,29.8,122.9,602.5825615976506
2018,28.004196,124.24317,31.3,122.4,407.4451923942377
2018,28.682417,123.05742,33.1,122.1,499.6282784357112
2018,31.13998,125.96548,29.200000000000003,159.10000000000002,3180.8298232771704
2018,29.235853,162.44872,30.200000000000003,158.8,368.2843795678476
2018,30.579975,160.24655,30.9,158.60000000000002,161.33527637684725
2018,31.282463,159.95605,31.700000000000003,158.5,145.6565700213359
2018,32.83054,159.0289,32.5,158.20000000000002,85.85639182956498
2018,34.248177,161.04076,33.9,157.8,300.9748448760883
2018,34.64434,159.02379,35.300000000000004,157.20000000000002,181.4628052421502
2018,34.617702,159.54547,37.0,156.20000000000002,401.4243671514075
2018,35.53767,159.68272,38.5,154.70000000000002,551.3960041657471
2018,36.32277,158.70653,39.8,153.60000000000002,590.8888867925646
2018,40.12393,158.3416,41.3,152.8,484.938903308768
2018,41.713936,157.45529,42.7,152.3,438.4621753979488
2018,43.819794,155.58186,44.3,152.20000000000002,275.43541910497015
2018,44.14848,152.83339,45.900000000000006,153.20000000000002,196.87961704895707
2018,45.358555,153.26016,21.9,137.3,2985.2325096048116
2018,22.306541,139.51498,22.1,137.70000000000002,188.25723330110856
2018,23.159111,136.95082,22.3,138.3,168.14185818241646
2018,25.015846,138.59282,22.8,139.20000000000002,254.0030319193391
2018,24.720797,139.12657,23.4,140.1,177.0239884993666
2018,24.007086,139.05756,24.0,140.9,187.1538663244608
2018,23.793814,139.78923,25.0,142.3,287.4526454909063
2018,24.14133,141.64342,26.4,143.70000000000002,325.3195905685135
2018,26.245499,144.19272,28.200000000000003,144.6,221.02995205337118
2018,27.39049,145.39256,30.3,144.20000000000002,343.73449479528875
2018,27.814295,145.65808,32.2,143.0,550.6938962897171
2018,30.939028,150.15138,33.800000000000004,140.6,951.3004553486068
2018,33.74179,152.14975,34.2,138.3,1277.2092030844847
2018,36.490685,151.29602,34.800000000000004,135.8,1411.2369866398901
2018,37.50979,143.6997,34.6,133.4,980.15566366433
2018,38.122147,139.96532,34.1,131.6,873.9478366567403
2018,37.78012,134.42291,33.300000000000004,130.5,611.53820618379
2018,36.297615,132.91397,32.1,129.70000000000002,552.3849064374056
2018,37.89706,129.06393,31.1,129.4,756.4251195841681
2018,35.696987,126.92837,30.3,129.5,646.1877624477924
2018,34.208637,125.81162,29.200000000000003,129.9,677.8970110571563
2018,32.78141,126.80246,28.8,130.8,584.5237950329472
2018,30.339947,127.655075,29.5,131.4,372.7855325289147
2018,30.10173,129.13254,30.4,131.70000000000002,248.82796000083826
2018,29.804115,130.97217,31.0,130.4,143.8529376240722
2018,28.003723,132.79321,30.9,129.0,488.40853047110477
2018,29.441671,134.61794,30.4,128.0,646.5391198241549
2018,33.249874,133.86855,29.700000000000003,126.9,769.4826626082217
2018,34.776962,134.18382,29.200000000000003,126.5,953.1954130555972
2018,32.545006,125.90156,28.6,126.3,440.31934644969647
2018,30.986979,125.469475,28.700000000000003,126.9,289.3098617090874
2018,29.617043,124.7977,29.4,126.7,185.66082964834177
2018,28.038809,122.60495,30.1,125.1,333.6413476821
2018,28.379477,124.48023,30.700000000000003,122.6,315.6841289203194
2018,27.83644,126.145424,30.6,121.5,545.5008807832418
2018,30.59596,130.0997,30.9,121.1,860.4761769631175
2018,32.694622,127.823784,31.9,120.5,693.8779064256399
2018,31.670403,121.54547,33.2,119.2,278.15913593680676
2018,30.94332,116.37316,33.7,118.0,342.51801146539026
2018,30.710802,117.87085,34.0,117.1,372.83677267562126
2018,32.740025,119.46667,34.1,116.1,347.1020114911133
2018,36.025425,121.22873,34.300000000000004,114.8,614.9375107425095
2018,37.822643,120.874664,35.300000000000004,149.4,2553.1446676449973
2018,38.429035,154.53088,36.2,150.20000000000002,456.12448993631403
2018,38.227394,151.78947,36.5,151.5,193.77361507676218
2018,39.050316,151.38498,36.9,152.70000000000002,265.4286560791274
2018,39.55402,150.25327,20.1,149.3,2165.107541430221
2018,18.749912,149.01765,20.9,148.70000000000002,241.376864322474
2018,19.27427,148.57289,21.700000000000003,148.3,271.2226519429198
2018,21.065699,147.85938,22.5,147.70000000000002,160.3339531633756
2018,23.460346,147.91338,22.9,147.4,81.46165594462127
2018,24.892813,148.28148,23.9,147.5,135.82981693485297
2018,24.954613,146.65114,24.700000000000003,147.3,71.34012971779987
2018,25.959486,147.48521,25.6,146.70000000000002,88.19987273884098
2018,26.435358,146.17966,26.5,146.20000000000002,7.46765401547388
2018,25.768345,147.07089,27.5,146.0,220.010150313485
2018,29.026134,150.05704,28.6,145.70000000000002,427.1117237480022
2018,28.984987,148.1295,29.700000000000003,145.0,313.57454991081863
2018,29.841536,145.79019,30.4,144.3,156.1995032572406
2018,31.38194,146.01888,31.3,143.9,201.4332172245392
2018,32.97981,147.68196,32.0,143.20000000000002,434.2181151917385
2018,34.566216,147.42178,32.5,142.3,527.3074121627463
2018,35.32479,145.8808,33.300000000000004,141.9,429.3187389593268
2018,34.56869,144.60396,33.800000000000004,141.20000000000002,324.54856029321513
2018,36.416733,145.64636,34.5,141.20000000000002,455.56716291132153
2018,36.11999,143.57619,35.300000000000004,141.1,241.43888688140729
2018,35.63418,141.34529,36.2,141.0,70.18084139374977
2018,38.32981,143.49881,37.2,141.6,208.8986138299168
2018,37.51935,141.64554,37.8,142.6,89.6272022222808
2018,39.070488,145.81729,39.1,144.20000000000002,139.62610588719562
2018,40.564625,145.08652,40.0,147.0,174.02968863847718
2018,41.49533,145.71715,41.0,150.70000000000002,420.1501950001136
2018,42.78219,150.17723,41.3,154.60000000000002,400.63010983118767
2018,41.271156,152.54485,41.400000000000006,158.20000000000002,472.28951704770174
2018,44.766552,156.46504,21.0,133.8,3361.4776319727166
2018,20.507753,133.08177,21.0,133.6,76.80856813295986
2018,22.215834,136.9502,21.0,133.3,400.8293870998798
2018,22.883387,136.29868,22.0,133.1,343.0920150983043
2018,23.447338,135.30145,22.8,132.20000000000002,325.2167627585414
2018,22.873196,132.13979,22.8,132.0,16.47580876631448
2018,21.899282,132.87793,23.200000000000003,131.9,176.07896647534307
2018,21.5786,131.90071,24.200000000000003,130.9,308.9829337766687
2018,25.938246,132.24796,25.0,129.6,285.55633480103245
2018,25.697617,128.9991,25.1,128.0,120.36278610839138
2018,24.319271,131.65154,25.1,126.7,507.6184747617795
2018,25.730207,131.73276,25.3,125.6,617.2243795136044
2018,27.377247,127.8378,25.700000000000003,124.7,363.59326907435354
2018,27.572512,125.419136,26.5,123.8,199.8442619854683
2018,25.876465,122.74478,27.700000000000003,122.3,207.51824047862894
2018,25.841047,122.4124,28.9,120.7,379.83647601373883
2018,26.698275,121.222855,30.700000000000003,119.3,482.8517294538448
2018,27.68441,121.23161,31.9,117.8,573.8301006264729
2018,29.896564,121.735275,32.9,116.7,582.9077181859277
2018,31.850492,119.81567,34.2,116.1,433.8227191236057
2018,33.07635,118.805885,35.800000000000004,116.4,374.6701617194513
2018,36.722507,120.2905,37.1,116.8,313.13994860807094
2018,36.64109,118.68733,37.6,117.3,162.78280133094293
2018,37.846157,118.942154,37.8,117.9,91.67973211760494
2018,40.374187,121.21264,38.2,119.3,292.4590034507755
2018,42.154785,127.08764,37.8,119.7,793.6732084271865
2018,41.60683,127.30638,37.1,119.2,857.825213276676
2018,39.533184,126.65963,36.5,118.1,821.7422538821521
2018,38.2259,125.10645,23.5,141.5,2257.704002097962
2018,23.524214,142.2453,24.5,140.70000000000002,190.80861079247438
2018,24.885603,142.7033,25.3,139.8,295.96602257670963
2018,26.106857,141.4321,26.3,138.70000000000002,273.4149230618009
2018,27.060043,139.90527,27.200000000000003,137.8,208.91731093305964
2018,27.669336,140.30246,28.3,137.0,331.7630628967705
2018,29.088799,138.89212,29.5,136.0,284.1582511808045
2018,29.341858,137.80814,30.4,134.8,312.99360384559793
2018,30.76738,136.40486,31.200000000000003,133.4,290.4519295498545
2018,31.893616,136.62993,32.2,131.4,494.05050422021867
2018,33.87922,137.13539,33.7,130.0,659.5686494836866
2018,35.401405,136.23268,34.7,129.3,635.7418303901018
2018,35.146473,134.51675,35.800000000000004,129.20000000000002,486.8520522365108
2018,35.357533,132.07816,21.4,112.3,2471.711518450101
2018,22.297,109.607506,21.9,112.0,250.4089170477223
2018,22.178383,112.69757,21.700000000000003,111.3,153.64944752101323
2018,22.501621,114.13029,21.3,111.3,321.1083530463742
2018,22.48426,113.24848,21.1,111.7,221.92667420528895
2018,22.898958,114.98012,21.0,112.1,364.42424485285784
2018,22.575022,110.784935,20.700000000000003,112.3,260.7461192396123
2018,20.95038,109.455826,20.6,112.6,329.1921797571442
2018,20.863062,111.26408,20.700000000000003,112.9,171.03483957406567
2018,21.03213,112.777534,20.6,113.2,65.09162228460993
2018,20.59989,112.96448,20.6,113.3,34.9229372437028
2018,19.89872,112.680664,20.5,113.5,108.5394047142834
2018,20.11182,113.121254,20.8,113.7,97.42252847922754
2018,21.237572,112.85899,21.0,113.7,91.14675720492701
2018,20.258905,113.832726,21.200000000000003,113.4,113.91095564396315
2018,20.547312,113.01491,21.1,112.8,65.38918609135295
2018,20.384844,114.08068,20.9,112.0,223.9550308524819
2018,22.2271,113.24617,21.0,111.4,234.60536724593933
2018,21.232754,112.85756,20.8,110.7,229.05968915541885
2018,21.524412,111.483284,20.6,109.6,220.8022569335854
2018,20.655043,110.96695,20.3,108.7,239.41992191463675
2018,20.235117,108.68705,20.0,108.0,76.35096242757332
2018,20.979153,108.54343,19.9,107.3,176.5889309407463
2018,19.842684,107.903244,19.700000000000003,106.4,158.0972076782126
2018,19.657753,105.96119,19.4,105.5,56.190833505097174
2018,19.401094,105.49638,19.8,103.7,193.33022225835626
2018,19.156008,104.93515,20.0,102.1,311.49513012803027
2018,19.432238,104.26187,19.6,100.1,436.5796015424841
2018,18.78565,103.2012,14.1,234.8,13575.097036950003
2018,13.964987,222.04417,14.1,233.7,1257.3549865694695
2018,16.359707,228.38496,14.0,232.7,532.1999528557088
2018,15.660243,230.93858,14.1,231.7,191.81846788545985
2018,15.058381,229.81885,14.1,230.7,142.64671212687318
2018,14.298482,228.29712,14.2,229.7,151.58998696079638
2018,14.099724,226.77791,14.2,228.8,218.3089524421219
2018,13.465102,225.58968,14.2,227.8,252.249539107798
2018,14.664629,225.28204,14.2,226.8,171.43227091153014
2018,14.023272,223.69922,14.3,225.8,228.57702446688123
2018,14.506912,223.55347,14.3,224.8,136.2086200442941
2018,14.055314,222.19557,14.3,223.7,164.45551707240077
2018,13.985607,221.21117,14.3,222.6,153.77659524426113
2018,13.529664,219.06615,14.5,221.4,273.92809940882796
2018,14.696406,219.54846,14.8,220.1,60.41606969611547
2018,14.213157,217.88582,14.9,218.7,116.23801236494324
2018,14.066145,216.6182,15.1,217.6,156.13541084797768
2018,13.888346,214.71167,15.5,216.0,226.52978738289724
2018,15.425299,214.49803,15.7,214.4,32.30006433904289
2018,16.214025,213.1944,16.0,212.9,39.43986648203778
2018,15.847252,212.26303,16.3,211.5,95.81902672440665
2018,16.34983,212.41531,16.5,210.0,258.1499208282738
2018,17.24929,209.5161,16.5,208.4,145.07121350520802
2018,16.757198,207.93565,16.400000000000002,206.8,127.37989027711538
2018,17.322926,206.95908,16.5,205.4,189.42951883995758
2018,17.475744,206.245,16.6,203.9,267.64655428766997
2018,17.3362,204.66875,16.6,202.3,264.88980853568734
2018,16.498068,201.9995,16.6,200.7,138.97469978299162
2018,15.988904,200.19914,16.8,199.2,139.62018454510792
2018,17.005764,199.35622,17.0,197.6,186.7473131729724
2018,17.340551,198.14287,17.2,196.3,196.30145486015982
2018,16.802038,195.57506,17.5,194.8,113.15799925667093
2018,16.65091,193.92986,17.8,193.4,139.61625241702941
2018,17.836731,193.00743,18.1,192.2,90.28119036847573
2018,18.300838,191.53615,18.5,191.3,33.335297495252256
2018,18.60922,191.76819,19.0,190.3,160.53317176882277
2018,18.994638,189.6477,19.700000000000003,189.6,78.59226407576675
2018,19.423512,188.74913,20.8,188.7,153.1446909619409
2018,19.654016,188.62018,21.700000000000003,187.7,246.82034339945477
2018,20.336517,189.05138,22.6,186.4,372.29992898843454
2018,21.075064,187.78806,23.5,185.0,393.6655569432754
2018,22.735926,188.15483,24.200000000000003,183.7,482.62935379867224
2018,25.26493,186.53156,24.700000000000003,182.1,451.03540511575375
2018,25.325869,184.94073,25.200000000000003,180.5,446.7601993658625
2018,25.859383,182.2082,25.8,179.0,321.1561924382
2018,26.750702,180.53075,26.3,177.10000000000002,344.974098643744
2018,26.983627,179.82768,26.5,175.9,393.69939096602747
2018,26.76211,177.2148,27.0,174.5,270.54479866063866
2018,27.438213,175.5621,27.700000000000003,172.5,303.22152185713503
2018,28.530561,174.53944,28.5,170.70000000000002,375.13605077356925
2018,28.639746,171.45406,29.200000000000003,168.8,265.71457078226405
2018,28.503193,172.48253,29.8,167.9,467.74665778794287
2018,29.758322,170.71544,30.5,167.10000000000002,357.33247252694485
2018,30.874144,166.6768,31.4,166.4,64.13341350522046
2018,32.5309,165.78458,32.2,165.8,36.82285188793701
2018,32.99956,163.6322,33.0,165.4,164.856311524364
2018,33.8509,166.19183,30.200000000000003,124.0,3970.6179697013968
2018,32.76472,129.3622,30.4,123.0,657.3673690770038
2018,32.830482,125.77945,30.6,122.0,435.0540071926861
2018,32.251106,124.698555,31.1,120.6,408.39011098384816
2018,31.991611,124.605995,31.5,118.7,561.0637755367754
2018,32.15442,122.77805,31.4,117.2,533.8439232797541
2018,31.200983,120.111984,31.9,116.0,397.2935351877722
2018,31.45314,118.7111,32.4,115.2,347.6602971178497
2018,32.628082,116.72795,32.6,114.7,189.96449058296287
2018,32.48923,113.707214,32.800000000000004,114.5,81.87746524159806
2018,31.166037,113.56076,33.0,114.4,218.71669116381307
2018,33.811176,113.7167,33.300000000000004,114.7,107.39162421116073
2018,34.700653,114.16798,33.800000000000004,115.3,144.41186457158872
2018,34.21491,115.07316,35.9,116.7,238.8129469891236
2018,34.440094,116.12563,37.4,118.0,369.85976140857645
2018,34.230503,116.11765,37.9,119.6,514.1646454010794
2018,34.106205,118.43825,38.1,121.5,522.2972142922991
2018,35.395847,120.680786,39.0,123.8,486.6880449129339
2018,43.17067,129.28093,40.8,126.6,344.32740245674194
2018,42.032814,129.68758,22.9,140.4,2348.2759433098286
2018,23.375841,138.51202,23.8,140.1,168.5535751573195
2018,24.104393,140.75719,24.200000000000003,140.0,77.55710491265816
2018,26.583906,141.52934,24.5,140.0,277.90670765031615
2018,27.07138,141.34329,24.700000000000003,140.0,295.94581757313085
2018,28.821253,141.10374,24.9,139.9,452.0680672270209
2018,28.81613,141.4661,25.0,139.6,462.8985542940836
2018,27.585472,141.79497,25.1,139.1,385.3279719525402
2018,26.70863,142.20918,25.1,138.6,402.8566767206512
2018,25.466784,141.11864,25.3,138.0,313.84023965623464
2018,25.58825,139.23439,25.6,137.3,193.99159462649328
2018,25.724636,137.97528,25.8,136.5,147.97547849483485
2018,26.117025,136.79851,26.1,135.6,119.6843233424165
2018,25.66091,136.51376,26.4,134.4,226.61989225588903
2018,26.7229,135.21992,27.0,133.4,183.14039694687148
2018,27.661146,134.44601,27.6,132.3,211.51904501366405
2018,27.725794,133.41016,28.4,131.1,238.7471962482204
2018,28.346432,132.29485,29.1,129.8,257.2979392827721
2018,28.4405,129.80771,29.8,128.70000000000002,185.55193853815072
2018,30.544344,130.10463,30.4,127.5,250.12795393109405
2018,31.349361,129.19202,31.200000000000003,126.7,237.4105918405498
2018,32.903046,128.42786,32.0,126.1,240.39337282299417
2018,33.387634,126.99824,32.7,125.5,159.20963632099907
2018,34.27387,127.030136,33.2,125.5,185.138851992871
2018,34.381466,125.484024,33.9,125.7,57.107343305647824
2018,36.281723,126.809616,34.5,126.2,205.67984654766406
2018,37.465393,127.62474,35.7,127.6,196.31545659152616
2018,37.59951,127.43435,37.2,128.9,136.87612423029336
2018,37.431553,130.59996,38.3,130.1,106.07189619069982
2018,38.01616,131.95049,40.0,132.0,220.63483164916047
2018,37.5354,133.36179,41.3,133.70000000000002,419.6108901489496
2018,41.425488,139.50096,42.1,135.20000000000002,364.48413865809545
2018,43.881943,141.73808,42.900000000000006,136.6,429.2114029199114
2018,42.717957,141.37541,43.6,138.6,245.5404436187863
2018,45.677048,144.90352,44.2,140.6,376.3826572429553
2018,44.939297,145.8867,44.5,142.4,279.7602942086177
2018,44.030357,145.95528,43.900000000000006,144.4,125.31416890331361
2018,45.074596,146.63493,43.3,147.6,211.7945472451562
2018,45.198494,150.50337,42.900000000000006,151.3,263.38782976414643
2018,45.53396,151.93964,42.6,154.60000000000002,389.3217814621798
2018,45.164284,152.9737,15.6,151.3,3291.1421010123727
2018,16.679607,151.19736,16.0,150.6,98.86072944479919
2018,17.113756,151.20541,16.5,149.9,154.80912031270472
2018,17.239735,150.45761,17.0,148.9,167.65665208498345
2018,17.142916,148.28519,17.6,148.0,59.15400891501285
2018,18.129988,147.72934,18.3,147.3,49.13081366185059
2018,18.392523,147.4653,19.200000000000003,146.4,143.6545949516088
2018,19.252924,146.9054,20.0,145.1,206.52854852027582
2018,19.634829,144.79034,21.200000000000003,144.20000000000002,184.59144290350966
2018,20.656837,144.27716,21.9,142.8,206.23532437871754
2018,21.891644,144.5443,23.0,141.4,345.83442853627145
2018,23.319391,143.20221,24.200000000000003,139.9,350.03015040677775
2018,23.61069,140.5322,25.4,138.9,258.56270481228967
2018,26.620874,141.65477,26.8,137.4,423.0729434071887
2018,25.514103,138.58957,28.3,135.9,408.728166132192
2018,27.896755,137.48787,29.9,135.0,329.03041659793854
2018,29.695044,136.01117,31.700000000000003,134.3,276.52373899913437
2018,31.772802,137.8788,33.800000000000004,134.6,380.4314194508689
2018,33.538036,135.84883,36.5,134.9,340.4950348137312
2018,35.594646,135.60828,38.8,136.0,358.10315962659945
2018,38.47165,138.04823,40.6,137.70000000000002,238.53820516379818
2018,41.14094,139.64072,41.6,140.1,63.831176731224765
2018,44.27835,147.51651,42.400000000000006,145.1,286.00934570018535
2018,46.50262,147.67096,24.200000000000003,120.3,3474.9225675350094
2018,24.040138,124.05175,24.5,120.5,363.6337950374218
2018,24.990498,121.52975,24.9,120.3,124.39259241196221
2018,25.666327,121.30486,25.0,119.9,159.44954131257296
2018,24.961948,120.31178,25.1,119.5,83.21632325162852
2018,24.629057,120.27961,25.200000000000003,118.6,180.88810068483514
2018,25.597507,121.43905,17.1,153.4,3432.346773063875
2018,19.355879,153.42204,17.3,152.20000000000002,262.4806988967331
2018,19.393663,153.287,17.3,151.4,306.36016915735087
2018,19.713837,151.19939,17.3,150.5,278.35170545612704
2018,18.663235,150.67279,17.6,149.20000000000002,195.44494566499523
2018,19.170563,149.35765,17.7,148.1,210.56591860594628
2018,19.013887,147.34264,17.8,146.9,142.82856920976437
2018,18.348515,148.2522,17.8,145.4,307.60352456326683
2018,17.98796,146.8804,17.900000000000002,144.20000000000002,283.71606462598334
2018,19.209526,143.62335,18.3,142.8,133.20455911808398
2018,19.239244,143.29341,18.5,141.5,205.82529830448541
2018,19.41585,141.90788,19.1,140.3,172.39866600902968
2018,18.759876,139.50266,19.6,139.20000000000002,98.6770403093188
2018,19.365664,138.94844,20.3,138.3,124.07335804777914
2018,20.56453,136.99873,21.0,137.4,63.913221314616884
2018,20.522495,136.38095,21.700000000000003,136.5,131.51378832403557
2018,22.391535,135.89937,22.6,135.9,23.18039562714959
2018,22.701998,135.16718,23.6,135.1,100.08934535767082
2018,24.390873,135.77895,24.4,134.4,139.64511114414992
2018,25.156475,135.58794,25.5,133.70000000000002,193.5537772525963
2018,25.746319,135.05911,26.5,133.1,212.78511712387515
2018,27.78831,136.25288,27.4,132.5,372.3310706949492
2018,28.996984,135.30376,28.6,132.5,276.7406975731812
2018,29.324903,134.933,30.200000000000003,132.9,219.03485198460623
2018,31.561634,135.0045,32.300000000000004,133.8,140.21726953623494
2018,32.502052,135.30927,35.5,135.4,333.4619059739071
2018,32.96363,134.87686,39.6,137.6,777.1392927336075
2018,36.0506,139.82866,43.0,139.0,775.9888188000456
2018,39.210148,144.21457,46.0,138.8,874.9411696257274
2018,42.699997,148.63138,49.0,136.9,1145.144460147067
2018,47.08998,151.91582,51.400000000000006,136.3,1227.6147313252227
2018,49.669098,153.64682,52.8,136.20000000000002,1260.0330077229141
2018,50.499027,151.38179,54.1,136.5,1085.7008476547085
2018,51.840725,145.5426,55.0,136.9,671.1669592885493
2018,55.749336,141.85957,55.8,137.5,272.66769844559195
2018,58.653763,144.8893,56.8,137.6,479.0366017424422
2018,58.88236,144.57648,59.3,137.3,417.99095595863884
2018,58.06555,146.66576,62.1,136.9,702.0133922946582
2018,55.041058,144.38301,14.9,155.20000000000002,4559.859706728926
2018,16.245623,157.4712,15.3,153.1,479.41338240728356
2018,17.34454,156.21133,15.2,151.20000000000002,585.611090315953
2018,16.85364,153.24324,14.6,149.20000000000002,500.0411355559898
2018,16.621984,149.14479,14.6,147.6,279.1349015364205
2018,16.606388,147.54825,14.4,145.8,308.66822676216555
2018,17.60314,145.14888,14.1,144.3,399.97111835170404
2018,16.170883,143.7837,14.0,142.6,272.79746917694155
2018,14.467749,141.46103,14.0,141.20000000000002,59.13291452813848
2018,15.702565,140.42825,14.0,139.9,197.64668624216864
2018,14.900604,138.40903,13.7,138.70000000000002,137.1331955851516
2018,14.707965,137.62625,14.0,137.4,82.40876479638024
2018,14.934596,135.25826,13.9,136.3,160.68789280011055
2018,15.129333,134.79874,14.0,135.20000000000002,132.7939460510614
2018,15.153279,134.04166,14.3,134.0,94.98616143261258
2018,14.036617,133.28775,14.4,132.5,94.03437140845467
2018,16.032362,131.49661,14.5,131.4,170.70598443597186
2018,15.010848,131.45464,14.7,130.1,149.64043779946684
2018,15.459297,130.08334,15.0,129.0,126.95687677504375
2018,16.264294,128.7229,15.2,127.9,147.520287285089
2018,15.721582,126.101105,15.9,126.9,87.74452881134322
2018,16.172747,126.299736,16.7,125.5,103.49882879814773
2018,16.425295,124.528915,17.400000000000002,124.2,113.89094001557888
2018,17.178728,124.21132,18.0,122.4,212.6026536609746
2018,17.071123,123.281044,18.1,120.7,296.5380669278205
2018,19.318235,123.02207,18.5,119.7,361.1039519573447
2018,20.090715,120.34007,19.200000000000003,118.3,235.4793224995856
2018,20.71143,119.233,19.8,116.9,263.6281323913628
2018,20.476616,115.704216,20.6,115.4,34.52062516638901
2018,19.355667,114.53588,21.5,113.5,261.7300608124203
2018,20.869017,115.6335,22.0,111.5,445.913916169223
2018,21.893013,113.55916,22.3,109.9,379.6920181469893
2018,22.385735,112.23266,22.8,108.7,365.5730251735853
2018,23.594265,110.62207,23.6,107.5,318.12473552398654
2018,24.274225,108.11076,24.0,105.9,226.39355830114567
2018,23.578217,106.330475,21.4,121.5,1576.4068200047375
2018,22.304804,122.42074,21.200000000000003,120.6,224.6089919129122
2018,21.594528,121.49353,21.0,119.5,216.85229756329824
2018,21.444185,121.44777,20.8,118.7,293.86857391153563
2018,21.23616,120.140305,20.700000000000003,118.1,220.0749963363255
2018,20.489754,120.12633,20.5,117.4,283.96461569621766
2018,20.0719,117.13776,20.5,116.4,90.48062231992192
2018,19.923374,115.39915,20.700000000000003,115.4,86.35701932658897
2018,19.983326,115.38321,20.9,114.5,137.32378991518243
2018,20.217667,115.38072,20.9,113.4,219.73126262781196
2018,19.807318,114.58045,20.8,112.1,281.2368081696871
2018,19.95392,112.74383,21.200000000000003,110.8,245.24025760032487
2018,20.894756,111.741875,21.6,109.5,245.21353780334394
2018,21.301651,111.14106,21.6,108.4,285.60912965159685
2018,20.523445,109.70942,21.700000000000003,107.2,291.3249149295705
2018,19.923452,107.98258,16.8,137.6,3140.8437612478156
2018,17.847647,138.38876,16.900000000000002,135.9,284.35194837309575
2018,17.179523,137.06763,17.1,135.1,209.2596813779329
2018,18.543398,134.56741,17.3,134.20000000000002,143.62006905025711
2018,19.52964,133.63887,17.5,133.3,228.49651915526272
2018,18.750668,132.31073,18.1,132.20000000000002,73.28796864739193
2018,18.406115,129.18916,18.4,131.3,222.71095222502478
2018,19.302423,130.9737,18.9,130.4,75.07300400133164
2018,19.12359,130.36888,19.3,129.70000000000002,72.92195889412059
2018,19.32713,129.70682,19.6,129.1,70.48413893177626
2018,21.108772,128.22304,19.6,128.70000000000002,174.98119953181168
2018,20.68252,127.80494,19.8,128.8,142.8517974750772
2018,21.74082,127.077095,20.0,128.9,270.8082871914732
2018,22.056093,127.2124,20.3,128.9,262.19042622959273
2018,21.860483,127.11509,20.700000000000003,129.0,234.07659226935706
2018,20.685047,127.761185,21.0,129.20000000000002,153.5657011571913
2018,21.393589,129.49466,21.3,129.20000000000002,32.24243626998414
2018,21.262196,130.07622,21.4,129.20000000000002,92.04080708678836
2018,21.594793,129.02611,21.6,129.1,7.661506354756177
2018,23.076302,130.55449,21.700000000000003,129.0,221.27330861010165
2018,22.883677,130.85771,21.9,128.8,238.15399105976758
2018,22.426208,129.32808,22.200000000000003,128.5,88.81965529724506
2018,21.590439,129.19167,22.5,127.9,167.1852746775448
2018,22.208221,128.26361,23.1,127.3,140.03671604619439
2018,22.573318,128.64377,23.8,127.0,216.40796822170935
2018,23.209345,128.05962,24.5,126.8,192.36509619871418
2018,23.77732,127.331955,25.4,126.8,188.27936454670265
2018,24.016123,125.44206,26.3,127.3,315.361330275587
2018,26.112408,125.44434,27.8,128.5,356.25886149598404
2018,27.936222,127.23527,29.1,129.5,256.32532334084783
2018,28.91902,128.18648,30.4,131.0,317.8289558164647
2018,30.947792,130.94948,32.4,133.20000000000002,267.2561823350393
2018,32.172466,134.67838,34.300000000000004,136.0,266.5909703124948
2018,36.073933,140.60114,37.3,140.0,146.49065071346578
2018,36.238808,140.80911,41.5,144.20000000000002,654.3986209125158
2018,37.22532,144.94635,44.5,150.70000000000002,941.9868931721136
2018,41.09866,149.79578,47.900000000000006,157.9,991.3896975100706
2018,41.65747,154.25233,50.6,163.0,1199.5068398358048
2018,46.157383,160.65175,52.6,166.60000000000002,835.1976871228574
2018,50.85508,163.66197,53.8,170.0,540.7188897050673
2018,46.810516,170.33322,55.400000000000006,172.8,970.3499947636486
2018,49.236427,168.65695,56.400000000000006,174.20000000000002,878.6681039046565
2018,51.334667,168.0148,57.0,174.8,768.5770877160579
2018,51.0974,170.22127,56.8,176.0,737.7129474947612
2018,53.02268,178.16765,55.6,179.9,307.80588229960097
2018,56.4683,181.869,13.6,138.70000000000002,6006.002301347004
2018,16.746769,138.77637,14.4,138.0,273.8771054064676
2018,15.277322,135.90686,15.0,137.3,152.68041629415387
2018,15.311273,134.71959,15.4,136.4,180.45232096223867
2018,15.570285,132.79994,15.6,135.8,321.3406220790099
2018,16.518047,134.59114,16.1,135.20000000000002,79.89328755713086
2018,18.134853,135.16565,16.8,134.4,169.19212655800584
2018,18.2074,134.6382,17.2,133.6,156.9782297088042
2018,17.886978,132.96204,17.6,132.70000000000002,42.28953205243078
2018,17.569872,133.00941,18.2,132.0,127.74695741099654
2018,18.795778,133.0384,18.8,131.3,182.9915925679095
2018,20.14403,131.78064,19.5,130.4,161.20292011522722
2018,19.762947,131.14827,20.1,129.70000000000002,155.96361364230088
2018,19.914984,129.6725,20.8,129.20000000000002,110.04869201044191
2018,21.393555,130.22025,21.6,128.8,148.72051850067018
2018,21.998411,129.80731,22.5,128.1,184.34784565482673
2018,22.975649,128.53284,23.200000000000003,127.7,88.76731818252642
2018,23.661848,128.87032,24.4,127.1,197.6353147148914
2018,24.807014,129.78429,25.4,126.7,317.4764062134224
2018,26.090315,130.54694,26.700000000000003,126.0,457.90722002407506
2018,27.042294,129.23096,27.9,125.8,351.65192668976647
2018,27.53975,129.96498,29.5,125.8,461.5762113603218
2018,30.187723,130.14818,31.4,126.1,409.46351101771717
2018,31.136683,130.99327,32.9,126.6,458.20363130270175
2018,33.094677,130.63753,34.7,128.1,294.45541405063256
2018,34.966263,133.51962,37.0,130.4,360.4204338918515
2018,37.85086,137.17546,38.7,133.20000000000002,359.6102730553084
2018,40.383728,140.75206,40.400000000000006,136.5,360.07486818333007
2018,39.70603,141.69125,42.2,141.0,283.3247705867553
2018,41.432987,146.18353,42.7,146.9,152.7942950244866
2018,44.053074,151.43329,41.6,151.6,273.1081855308302
2018,42.884403,153.76308,11.8,151.70000000000002,3462.165494720162
2018,11.379425,152.21042,11.9,150.6,184.6927335536153
2018,13.533909,149.85234,12.2,149.6,150.82529145238394
2018,14.816753,149.10374,12.7,148.9,236.3988513125769
2018,14.039305,148.32138,13.3,148.0,89.2396495605312
2018,14.057195,146.42702,14.0,147.1,72.87848735443549
2018,13.498223,145.78264,14.7,146.3,144.81150737507502
2018,14.290217,145.37498,15.3,145.3,112.5718723577948
2018,15.55848,146.20166,15.8,144.20000000000002,215.96798602098625
2018,16.438717,144.8358,16.0,143.20000000000002,181.33749603786995
2018,17.631556,143.97647,16.3,142.3,231.7589285473046
2018,18.391945,143.77469,16.6,141.4,321.119333164782
2018,18.30667,142.04659,16.900000000000002,140.4,234.3503578910517
2018,18.36572,140.54198,17.0,139.1,215.4007730516325
2018,17.676952,139.70091,17.2,137.70000000000002,218.78914332006383
2018,18.283798,139.13647,17.6,136.3,309.54236767052345
2018,18.668774,138.32187,17.8,134.8,384.2795276316217
2018,18.97479,136.95912,18.0,133.4,390.6593326280324
2018,18.355526,134.32732,18.0,132.1,238.602205574176
2018,18.832228,132.30165,18.0,131.1,156.95535809817596
2018,19.966526,131.02809,18.0,130.1,239.45261890125437
2018,19.590834,129.32234,18.0,129.1,178.43440367295327
2018,19.855228,128.2182,17.8,128.1,228.86958492315898
2018,18.919355,127.34614,17.5,127.1,159.95225191160884
2018,18.50358,127.051674,17.1,126.2,180.24392360748675
2018,18.07468,126.07712,16.900000000000002,125.3,154.44627932202405
2018,17.939295,125.04063,16.8,124.2,154.94219714737207
2018,17.359798,124.113014,16.8,123.0,133.67934390833904
2018,16.899319,122.866066,16.8,121.5,145.79711008610965
2018,16.422783,122.03254,16.7,120.1,208.26695422429384
2018,16.766752,121.010635,16.8,119.1,203.4362618612169
2018,16.814676,119.269485,17.0,118.6,74.14682905545854
2018,16.969755,117.77344,17.5,118.2,74.35452626274154
2018,16.55298,115.461624,18.0,117.7,287.00228746206216
2018,16.172249,114.53723,18.4,117.3,383.9141897567744
2018,17.208086,114.841415,18.9,116.9,287.6690778500259
2018,18.0616,116.37314,19.5,116.6,161.7161802024462
2018,19.599182,117.3219,20.0,116.5,96.85218371827057
2018,19.998774,116.75204,20.3,116.4,49.72318401490117
2018,20.149817,116.48612,20.6,116.3,53.68630394126974
2018,20.810354,116.19159,20.700000000000003,116.2,12.301972025716287
2018,21.596754,116.819305,20.700000000000003,116.0,131.00440553461024
2018,21.90888,118.25068,20.5,115.8,298.4625035763124
2018,21.34373,118.07855,20.200000000000003,115.6,287.35521823283926
2018,21.276245,117.92441,19.9,115.5,295.12895641837474
2018,20.595371,117.3398,19.700000000000003,115.3,235.05813513401267
2018,19.435568,116.56753,10.5,141.70000000000002,2872.303329541042
2018,10.137301,144.22728,11.7,139.70000000000002,523.9305451781898
2018,10.191837,141.41423,12.6,138.20000000000002,440.9476227922348
2018,12.324439,138.32544,13.3,136.9,188.82282413624628
2018,12.583249,134.81906,14.4,136.20000000000002,251.20235334395545
2018,13.976859,133.56267,15.4,135.8,288.01078445088234
2018,15.588678,132.89902,16.5,135.5,295.841789593003
2018,16.11334,132.97731,17.3,135.4,289.79550606268674
2018,16.544252,133.20439,18.0,135.5,292.5944876174729
2018,18.946756,135.90276,18.3,135.9,71.91671415298616
2018,19.978756,137.55754,18.7,136.20000000000002,201.25762254801106
2018,21.462023,138.50317,18.6,136.4,386.70246636766313
2018,21.641367,139.12488,18.4,136.0,486.25849377618823
2018,21.598202,140.50238,18.3,135.70000000000002,621.5702017165778
2018,20.024216,140.31096,18.4,135.20000000000002,566.1956721637123
2018,20.365656,139.4127,18.9,134.0,589.7952273615464
2018,18.100468,137.53496,19.6,133.0,505.4808319058288
2018,17.571087,134.83209,20.200000000000003,132.4,388.47063062671384
2018,18.109869,134.86026,21.0,132.1,432.32155317591497
2018,18.810633,133.48079,21.8,132.0,366.5116044600057
2018,20.579182,130.59178,22.6,132.3,285.80021658285665
2018,22.773983,131.56285,23.4,132.70000000000002,135.5553673568819
2018,23.577362,132.82298,23.5,133.20000000000002,39.38501801497733
2018,25.28822,135.01949,24.3,134.5,121.75605601612408
2018,26.123875,136.51393,25.8,135.8,79.94518106666817
2018,26.374779,139.5833,27.9,137.8,244.74312892911723
2018,26.653873,140.03859,29.700000000000003,141.3,360.5655845894358
2018,23.957441,139.10468,32.2,144.4,1053.0986913802647
2018,27.982069,144.75618,9.7,129.3,2597.3383836969333
2018,9.882519,129.73409,10.0,128.6,124.89622164439591
2018,10.592667,128.4292,10.3,127.7,86.1243900262031
2018,11.372703,126.32399,10.8,126.7,75.75503075673416
2018,11.527148,125.25087,11.4,125.0,30.77841926396251
2018,11.642075,125.316666,10.6,123.4,239.07548861521596
2018,11.731765,125.12529,10.3,121.8,396.3140596207693
2018,11.912762,123.82415,10.2,120.5,409.7073604104493
2018,12.811923,122.70432,10.4,118.9,493.5604235405707
2018,13.324657,119.309525,10.7,117.3,364.59980328330573
2018,10.12667,117.972664,11.3,115.8,270.86563494704956
2018,10.804354,115.76798,11.2,114.5,145.2255200712756
2018,10.917055,114.83378,10.8,113.5,146.23442966443577
2018,11.708468,112.93112,10.6,112.6,128.4405316361786
2018,12.191855,110.952126,10.6,111.6,190.5732138691654
2018,13.197104,110.01418,10.5,110.7,309.05020485682365
2018,11.6744795,109.36185,10.2,110.1,182.68890426461147
2018,10.772698,108.95299,9.9,109.5,114.005367046134
2018,10.917256,108.34095,9.8,108.7,130.29322794715907
2018,10.857697,107.10231,9.8,108.2,168.08018478328896
2018,10.45056,106.777145,9.9,107.7,118.10727625684446
2018,9.959255,107.15997,10.0,107.3,15.98999198723547
2018,9.783965,106.434235,10.3,107.0,84.43857800181502
2018,9.890911,105.13185,10.7,106.8,203.47191601750382
2018,9.833669,105.31398,11.0,106.5,183.41908488371183
2018,10.165564,105.21307,11.3,106.0,152.65350018186447
2018,10.472181,105.47108,11.4,105.5,103.21718710029548
2018,11.42844,105.7029,11.6,105.0,78.92655506334259
2018,11.731484,106.037346,11.5,124.4,1999.8336503458079
2018,11.133997,126.00626,11.5,123.2,308.6685093481362
2018,11.723181,127.03424,10.8,122.1,547.7906699555981
2018,12.337916,122.27248,10.0,121.0,294.6995144150646
2018,13.22104,121.5316,8.8,119.9,522.8437849589861
